uuid,event_id,category,type,value,comment,to_ids,date,object_relation,attribute_tag,object_uuid,object_name,object_meta_category,event_info,event_member_org,event_source_org,event_distribution,event_threat_level_id,event_analysis,event_date,event_tag,event_timestamp
"e57ac784-4ac7-483c-899c-ceb21f9a23f0",6007,"Network activity","domain","meta.ua","UNC1151",1,1646443059,"","","","","","Ukraine Crisis Recorded Future IOC Feed","UKRAINE-CRISIS","UKRAINE-CRISIS",3,"High",1,"2022-03-05","collection:ioc-source=""recordedfuture"",tlp:white,false-positive:risk=""medium"",collection:type=""automatic"",collection:global-event=""ukraine-crisis""",1646443815
"f16f6910-95f7-4a23-92bc-d7f0802e798c",6007,"Network activity","domain","online.tm","Russia Nation State Sponsored (APT29 The Dukes, Turla Group, APT28, Sandworm Team)",1,1646443060,"","","","","","Ukraine Crisis Recorded Future IOC Feed","UKRAINE-CRISIS","UKRAINE-CRISIS",3,"High",1,"2022-03-05","collection:ioc-source=""recordedfuture"",tlp:white,false-positive:risk=""medium"",collection:type=""automatic"",collection:global-event=""ukraine-crisis""",1646443815
"2c503bdc-d384-463f-bd50-154cf6c34349",6007,"Network activity","domain","com-account.website","UNC1151",1,1646443060,"","","","","","Ukraine Crisis Recorded Future IOC Feed","UKRAINE-CRISIS","UKRAINE-CRISIS",3,"High",1,"2022-03-05","collection:ioc-source=""recordedfuture"",tlp:white,false-positive:risk=""medium"",collection:type=""automatic"",collection:global-event=""ukraine-crisis""",1646443815
"702f29e0-3e9a-42df-ae02-3727a077169d",6007,"Network activity","domain","login-verify.online","UNC1151",1,1646443060,"","","","","","Ukraine Crisis Recorded Future IOC Feed","UKRAINE-CRISIS","UKRAINE-CRISIS",3,"High",1,"2022-03-05","collection:ioc-source=""recordedfuture"",tlp:white,false-positive:risk=""medium"",collection:type=""automatic"",collection:global-event=""ukraine-crisis""",1646443815
"aa025ff9-3ce1-4168-a421-7ca6984c48a9",6007,"Network activity","domain","net-account.space","UNC1151",1,1646443061,"","","","","","Ukraine Crisis Recorded Future IOC Feed","UKRAINE-CRISIS","UKRAINE-CRISIS",3,"High",1,"2022-03-05","collection:ioc-source=""recordedfuture"",tlp:white,false-positive:risk=""medium"",collection:type=""automatic"",collection:global-event=""ukraine-crisis""",1646443815
"d476b6a1-eb8e-4eff-a819-d4d3335f93c9",6007,"Network activity","domain","com-verify.site","UNC1151",1,1646443061,"","","","","","Ukraine Crisis Recorded Future IOC Feed","UKRAINE-CRISIS","UKRAINE-CRISIS",3,"High",1,"2022-03-05","collection:ioc-source=""recordedfuture"",tlp:white,false-positive:risk=""medium"",collection:type=""automatic"",collection:global-event=""ukraine-crisis""",1646443815
"c3d6c268-a61b-4fd3-bb4e-806478dac8b9",6007,"Network activity","domain","account-inbox.online","UNC1151",1,1646443061,"","","","","","Ukraine Crisis Recorded Future IOC Feed","UKRAINE-CRISIS","UKRAINE-CRISIS",3,"High",1,"2022-03-05","collection:ioc-source=""recordedfuture"",tlp:white,false-positive:risk=""medium"",collection:type=""automatic"",collection:global-event=""ukraine-crisis""",1646443815
"bd03533f-7c53-4254-9878-ef5f7e2537c0",6007,"Network activity","domain","net-verification.online","UNC1151",1,1646443061,"","","","","","Ukraine Crisis Recorded Future IOC Feed","UKRAINE-CRISIS","UKRAINE-CRISIS",3,"High",1,"2022-03-05","collection:ioc-source=""recordedfuture"",tlp:white,false-positive:risk=""medium"",collection:type=""automatic"",collection:global-event=""ukraine-crisis""",1646443815
"442c5b77-58a4-4e82-b822-218eeea79c58",6007,"Network activity","domain","bigmir.space","UNC1151",1,1646443062,"","","","","","Ukraine Crisis Recorded Future IOC Feed","UKRAINE-CRISIS","UKRAINE-CRISIS",3,"High",1,"2022-03-05","collection:ioc-source=""recordedfuture"",tlp:white,false-positive:risk=""medium"",collection:type=""automatic"",collection:global-event=""ukraine-crisis""",1646443815
"807f8245-b628-4d7c-ba71-18af232c0d40",6007,"Network activity","domain","ru-passport.online","UNC1151",1,1646443062,"","","","","","Ukraine Crisis Recorded Future IOC Feed","UKRAINE-CRISIS","UKRAINE-CRISIS",3,"High",1,"2022-03-05","collection:ioc-source=""recordedfuture"",tlp:white,false-positive:risk=""medium"",collection:type=""automatic"",collection:global-event=""ukraine-crisis""",1646443815
"79da4586-b04c-4a7c-af8a-d1daf25a98eb",6007,"Network activity","domain","ukroboronprom.online","UNC1151",1,1646443062,"","","","","","Ukraine Crisis Recorded Future IOC Feed","UKRAINE-CRISIS","UKRAINE-CRISIS",3,"High",1,"2022-03-05","collection:ioc-source=""recordedfuture"",tlp:white,false-positive:risk=""medium"",collection:type=""automatic"",collection:global-event=""ukraine-crisis""",1646443815
"c69f5a14-cda5-4d15-b17b-9512e0608a6a",6007,"Network activity","domain","ron-mil-pl.space","UNC1151",1,1646443063,"","","","","","Ukraine Crisis Recorded Future IOC Feed","UKRAINE-CRISIS","UKRAINE-CRISIS",3,"High",1,"2022-03-05","collection:ioc-source=""recordedfuture"",tlp:white,false-positive:risk=""medium"",collection:type=""automatic"",collection:global-event=""ukraine-crisis""",1646443815
"8f7a6966-99bb-437e-b1c9-8e00f8ca598f",6007,"Network activity","domain","wp-pl-potwierdz-dostep.site","UNC1151",1,1646443063,"","","","","","Ukraine Crisis Recorded Future IOC Feed","UKRAINE-CRISIS","UKRAINE-CRISIS",3,"High",1,"2022-03-05","collection:ioc-source=""recordedfuture"",tlp:white,false-positive:risk=""medium"",collection:type=""automatic"",collection:global-event=""ukraine-crisis""",1646443815
"87eecd8f-7363-4e57-a0e3-2b404af3262d",6007,"Network activity","domain","interia-pl.website","UNC1151",1,1646443063,"","","","","","Ukraine Crisis Recorded Future IOC Feed","UKRAINE-CRISIS","UKRAINE-CRISIS",3,"High",1,"2022-03-05","collection:ioc-source=""recordedfuture"",tlp:white,false-positive:risk=""medium"",collection:type=""automatic"",collection:global-event=""ukraine-crisis""",1646443815
"b5825aa4-a4a2-4bd7-a8f8-77bb2a480700",6007,"Network activity","domain","onet-pl.online","UNC1151",1,1646443064,"","","","","","Ukraine Crisis Recorded Future IOC Feed","UKRAINE-CRISIS","UKRAINE-CRISIS",3,"High",1,"2022-03-05","collection:ioc-source=""recordedfuture"",tlp:white,false-positive:risk=""medium"",collection:type=""automatic"",collection:global-event=""ukraine-crisis""",1646443815
"7f1b8d40-48e2-447a-b03d-9e3f6a0e7246",6007,"Network activity","domain","signin-telekom.online","UNC1151",1,1646443064,"","","","","","Ukraine Crisis Recorded Future IOC Feed","UKRAINE-CRISIS","UKRAINE-CRISIS",3,"High",1,"2022-03-05","collection:ioc-source=""recordedfuture"",tlp:white,false-positive:risk=""medium"",collection:type=""automatic"",collection:global-event=""ukraine-crisis""",1646443815
"0e92538e-ea4a-4b8d-9ebc-a0d1690b212d",6007,"Network activity","domain","ua-login.site","UNC1151",1,1646443064,"","","","","","Ukraine Crisis Recorded Future IOC Feed","UKRAINE-CRISIS","UKRAINE-CRISIS",3,"High",1,"2022-03-05","collection:ioc-source=""recordedfuture"",tlp:white,false-positive:risk=""medium"",collection:type=""automatic"",collection:global-event=""ukraine-crisis""",1646443815
"6a6b1866-2361-4267-bcaf-56c824cb5986",6007,"Network activity","domain","eumr.site","Lorec53",1,1646443064,"","","","","","Ukraine Crisis Recorded Future IOC Feed","UKRAINE-CRISIS","UKRAINE-CRISIS",3,"High",1,"2022-03-05","collection:ioc-source=""recordedfuture"",tlp:white,false-positive:risk=""medium"",collection:type=""automatic"",collection:global-event=""ukraine-crisis""",1646443815
"c884b669-ab7d-417d-b346-80b574730a0f",6007,"Network activity","domain","id.bigmir.space","UNC1151",1,1646443065,"","","","","","Ukraine Crisis Recorded Future IOC Feed","UKRAINE-CRISIS","UKRAINE-CRISIS",3,"High",1,"2022-03-05","collection:ioc-source=""recordedfuture"",tlp:white,false-positive:risk=""medium"",collection:type=""automatic"",collection:global-event=""ukraine-crisis""",1646443815
"fa7d2051-c2af-438a-86c9-1f78fae060c1",6007,"Network activity","domain","wp-agreements.online","UNC1151",1,1646443065,"","","","","","Ukraine Crisis Recorded Future IOC Feed","UKRAINE-CRISIS","UKRAINE-CRISIS",3,"High",1,"2022-03-05","collection:ioc-source=""recordedfuture"",tlp:white,false-positive:risk=""medium"",collection:type=""automatic"",collection:global-event=""ukraine-crisis""",1646443815
"d18707ab-fcf4-438e-9ac9-a00dc7bc3f13",6007,"Network activity","domain","net-account.online","UNC1151",1,1646443065,"","","","","","Ukraine Crisis Recorded Future IOC Feed","UKRAINE-CRISIS","UKRAINE-CRISIS",3,"High",1,"2022-03-05","collection:ioc-source=""recordedfuture"",tlp:white,false-positive:risk=""medium"",collection:type=""automatic"",collection:global-event=""ukraine-crisis""",1646443815
"6f50e2c3-b3e5-4ce4-b12c-b3379dfdc591",6007,"Network activity","domain","net-support.site","UNC1151",1,1646443066,"","","","","","Ukraine Crisis Recorded Future IOC Feed","UKRAINE-CRISIS","UKRAINE-CRISIS",3,"High",1,"2022-03-05","collection:ioc-source=""recordedfuture"",tlp:white,false-positive:risk=""medium"",collection:type=""automatic"",collection:global-event=""ukraine-crisis""",1646443815
"97ff4208-7ff8-499f-a554-2f54f10e6039",6007,"Network activity","domain","logowanie-pl.site","UNC1151",1,1646443066,"","","","","","Ukraine Crisis Recorded Future IOC Feed","UKRAINE-CRISIS","UKRAINE-CRISIS",3,"High",1,"2022-03-05","collection:ioc-source=""recordedfuture"",tlp:white,false-positive:risk=""medium"",collection:type=""automatic"",collection:global-event=""ukraine-crisis""",1646443815
"3e46394b-23e2-480f-8d97-f1fa54b375c6",6007,"Network activity","domain","login-telekom.online","UNC1151",1,1646443066,"","","","","","Ukraine Crisis Recorded Future IOC Feed","UKRAINE-CRISIS","UKRAINE-CRISIS",3,"High",1,"2022-03-05","collection:ioc-source=""recordedfuture"",tlp:white,false-positive:risk=""medium"",collection:type=""automatic"",collection:global-event=""ukraine-crisis""",1646443815
"2ccf959e-e7c3-4429-bcc2-c626fab7d70a",6007,"Network activity","domain","mirohost-creditals.space","UNC1151",1,1646443067,"","","","","","Ukraine Crisis Recorded Future IOC Feed","UKRAINE-CRISIS","UKRAINE-CRISIS",3,"High",1,"2022-03-05","collection:ioc-source=""recordedfuture"",tlp:white,false-positive:risk=""medium"",collection:type=""automatic"",collection:global-event=""ukraine-crisis""",1646443815
"c1a3e5d2-c92e-4c39-9b0d-deb0bb054b69",6007,"Network activity","domain","login-mail.online","UNC1151",1,1646443067,"","","","","","Ukraine Crisis Recorded Future IOC Feed","UKRAINE-CRISIS","UKRAINE-CRISIS",3,"High",1,"2022-03-05","collection:ioc-source=""recordedfuture"",tlp:white,false-positive:risk=""medium"",collection:type=""automatic"",collection:global-event=""ukraine-crisis""",1646443815
"063f1f06-642e-4c45-a994-7dada339d7bb",6007,"Network activity","domain","ua-agreements.online","UNC1151",1,1646443067,"","","","","","Ukraine Crisis Recorded Future IOC Feed","UKRAINE-CRISIS","UKRAINE-CRISIS",3,"High",1,"2022-03-05","collection:ioc-source=""recordedfuture"",tlp:white,false-positive:risk=""medium"",collection:type=""automatic"",collection:global-event=""ukraine-crisis""",1646443815
"c68efc74-b132-4b15-85c1-f98031a8d926",6007,"Network activity","domain","i.ua-passport.space","UNC1151",1,1646443068,"","","","","","Ukraine Crisis Recorded Future IOC Feed","UKRAINE-CRISIS","UKRAINE-CRISIS",3,"High",1,"2022-03-05","collection:ioc-source=""recordedfuture"",tlp:white,false-positive:risk=""medium"",collection:type=""automatic"",collection:global-event=""ukraine-crisis""",1646443815
"fbe8da00-d6df-42d1-a601-0dd1f4bd9eea",6007,"Network activity","domain","ua-passport.online","UNC1151",1,1646443068,"","","","","","Ukraine Crisis Recorded Future IOC Feed","UKRAINE-CRISIS","UKRAINE-CRISIS",3,"High",1,"2022-03-05","collection:ioc-source=""recordedfuture"",tlp:white,false-positive:risk=""medium"",collection:type=""automatic"",collection:global-event=""ukraine-crisis""",1646443815
"b597c216-9be2-46ae-a2f9-c4044b5fce97",6007,"Network activity","domain","sprawdzanie-konta.space","UNC1151",1,1646443068,"","","","","","Ukraine Crisis Recorded Future IOC Feed","UKRAINE-CRISIS","UKRAINE-CRISIS",3,"High",1,"2022-03-05","collection:ioc-source=""recordedfuture"",tlp:white,false-positive:risk=""medium"",collection:type=""automatic"",collection:global-event=""ukraine-crisis""",1646443815
"527ede5b-7757-4941-a352-3c997bbbe76c",6007,"Network activity","domain","credentials-telekom.online","UNC1151",1,1646443068,"","","","","","Ukraine Crisis Recorded Future IOC Feed","UKRAINE-CRISIS","UKRAINE-CRISIS",3,"High",1,"2022-03-05","collection:ioc-source=""recordedfuture"",tlp:white,false-positive:risk=""medium"",collection:type=""automatic"",collection:global-event=""ukraine-crisis""",1646443815
"38799f74-9c69-4fe6-9f4a-3f29e756b988",6007,"Network activity","domain","meta-ua.online","UNC1151",1,1646443069,"","","","","","Ukraine Crisis Recorded Future IOC Feed","UKRAINE-CRISIS","UKRAINE-CRISIS",3,"High",1,"2022-03-05","collection:ioc-source=""recordedfuture"",tlp:white,false-positive:risk=""medium"",collection:type=""automatic"",collection:global-event=""ukraine-crisis""",1646443815
"f51fc16e-d51f-4ece-b073-1f34c9855cb4",6007,"Network activity","domain","verify-ua.site","UNC1151",1,1646443069,"","","","","","Ukraine Crisis Recorded Future IOC Feed","UKRAINE-CRISIS","UKRAINE-CRISIS",3,"High",1,"2022-03-05","collection:ioc-source=""recordedfuture"",tlp:white,false-positive:risk=""medium"",collection:type=""automatic"",collection:global-event=""ukraine-crisis""",1646443815
"87de5d5c-8979-4cbb-8b85-eea64b4b6f5b",6007,"Network activity","domain","login-inbox.online","UNC1151",1,1646443069,"","","","","","Ukraine Crisis Recorded Future IOC Feed","UKRAINE-CRISIS","UKRAINE-CRISIS",3,"High",1,"2022-03-05","collection:ioc-source=""recordedfuture"",tlp:white,false-positive:risk=""medium"",collection:type=""automatic"",collection:global-event=""ukraine-crisis""",1646443815
"84e572b7-886c-4a2a-8077-d6e09bfb3313",6007,"Network activity","domain","net-verify.site","UNC1151",1,1646443070,"","","","","","Ukraine Crisis Recorded Future IOC Feed","UKRAINE-CRISIS","UKRAINE-CRISIS",3,"High",1,"2022-03-05","collection:ioc-source=""recordedfuture"",tlp:white,false-positive:risk=""medium"",collection:type=""automatic"",collection:global-event=""ukraine-crisis""",1646443815
"56db7558-5935-4711-a52a-646d3a4b7323",6007,"Network activity","domain","sprawdzanie-poczty.space","UNC1151",1,1646443070,"","","","","","Ukraine Crisis Recorded Future IOC Feed","UKRAINE-CRISIS","UKRAINE-CRISIS",3,"High",1,"2022-03-05","collection:ioc-source=""recordedfuture"",tlp:white,false-positive:risk=""medium"",collection:type=""automatic"",collection:global-event=""ukraine-crisis""",1646443815
"ec55e80b-a674-421a-96d7-e101e40bb93d",6007,"Network activity","domain","verify-ua.online","UNC1151",1,1646443070,"","","","","","Ukraine Crisis Recorded Future IOC Feed","UKRAINE-CRISIS","UKRAINE-CRISIS",3,"High",1,"2022-03-05","collection:ioc-source=""recordedfuture"",tlp:white,false-positive:risk=""medium"",collection:type=""automatic"",collection:global-event=""ukraine-crisis""",1646443815
"2052882b-308f-434f-8792-f3294f31c3ef",6007,"Network activity","domain","mil-gov.space","UNC1151",1,1646443071,"","","","","","Ukraine Crisis Recorded Future IOC Feed","UKRAINE-CRISIS","UKRAINE-CRISIS",3,"High",1,"2022-03-05","collection:ioc-source=""recordedfuture"",tlp:white,false-positive:risk=""medium"",collection:type=""automatic"",collection:global-event=""ukraine-crisis""",1646443815
"762d64b4-9025-4a5b-8ea5-0d1abe1cd89a",6007,"Network activity","domain","net-verify.website","UNC1151",1,1646443071,"","","","","","Ukraine Crisis Recorded Future IOC Feed","UKRAINE-CRISIS","UKRAINE-CRISIS",3,"High",1,"2022-03-05","collection:ioc-source=""recordedfuture"",tlp:white,false-positive:risk=""medium"",collection:type=""automatic"",collection:global-event=""ukraine-crisis""",1646443815
"0bc65d15-4946-4a9a-9997-c99b7e80352f",6007,"Network activity","domain","inbox-admin.site","UNC1151",1,1646443071,"","","","","","Ukraine Crisis Recorded Future IOC Feed","UKRAINE-CRISIS","UKRAINE-CRISIS",3,"High",1,"2022-03-05","collection:ioc-source=""recordedfuture"",tlp:white,false-positive:risk=""medium"",collection:type=""automatic"",collection:global-event=""ukraine-crisis""",1646443815
"af6d1500-de15-440b-bbfe-8c9564af3c3c",6007,"Network activity","domain","com-validate.site","UNC1151",1,1646443072,"","","","","","Ukraine Crisis Recorded Future IOC Feed","UKRAINE-CRISIS","UKRAINE-CRISIS",3,"High",1,"2022-03-05","collection:ioc-source=""recordedfuture"",tlp:white,false-positive:risk=""medium"",collection:type=""automatic"",collection:global-event=""ukraine-crisis""",1646443815
"a5f338fb-bf6d-48aa-90f4-4ebc5d8f13f3",6007,"Network activity","domain","command-email.online","UNC1151",1,1646443072,"","","","","","Ukraine Crisis Recorded Future IOC Feed","UKRAINE-CRISIS","UKRAINE-CRISIS",3,"High",1,"2022-03-05","collection:ioc-source=""recordedfuture"",tlp:white,false-positive:risk=""medium"",collection:type=""automatic"",collection:global-event=""ukraine-crisis""",1646443815
"bed23dd8-8311-4272-a6ee-185995a4092a",6007,"Network activity","domain","mil-secure.site","UNC1151",1,1646443072,"","","","","","Ukraine Crisis Recorded Future IOC Feed","UKRAINE-CRISIS","UKRAINE-CRISIS",3,"High",1,"2022-03-05","collection:ioc-source=""recordedfuture"",tlp:white,false-positive:risk=""medium"",collection:type=""automatic"",collection:global-event=""ukraine-crisis""",1646443815
"c61cd7a0-b6f8-4532-ad23-19580e46aa33",6007,"Network activity","domain","accounts-telekom.online","UNC1151",1,1646443073,"","","","","","Ukraine Crisis Recorded Future IOC Feed","UKRAINE-CRISIS","UKRAINE-CRISIS",3,"High",1,"2022-03-05","collection:ioc-source=""recordedfuture"",tlp:white,false-positive:risk=""medium"",collection:type=""automatic"",collection:global-event=""ukraine-crisis""",1646443815
"478f0c98-d9e0-4f6d-abb7-dfaa83131a05",6007,"Network activity","domain","verify-email.space","UNC1151",1,1646443073,"","","","","","Ukraine Crisis Recorded Future IOC Feed","UKRAINE-CRISIS","UKRAINE-CRISIS",3,"High",1,"2022-03-05","collection:ioc-source=""recordedfuture"",tlp:white,false-positive:risk=""medium"",collection:type=""automatic"",collection:global-event=""ukraine-crisis""",1646443815
"1decd0f4-9251-4bad-888a-4c9cdf339998",6007,"Network activity","domain","weryfikacja-uzytkownika.website","UNC1151",1,1646443073,"","","","","","Ukraine Crisis Recorded Future IOC Feed","UKRAINE-CRISIS","UKRAINE-CRISIS",3,"High",1,"2022-03-05","collection:ioc-source=""recordedfuture"",tlp:white,false-positive:risk=""medium"",collection:type=""automatic"",collection:global-event=""ukraine-crisis""",1646443815
"a34363e5-11e1-487d-972c-286edd944f03",6007,"Network activity","domain","creditals-email.space","UNC1151",1,1646443073,"","","","","","Ukraine Crisis Recorded Future IOC Feed","UKRAINE-CRISIS","UKRAINE-CRISIS",3,"High",1,"2022-03-05","collection:ioc-source=""recordedfuture"",tlp:white,false-positive:risk=""medium"",collection:type=""automatic"",collection:global-event=""ukraine-crisis""",1646443815
"d91c7938-2b20-4e74-9041-ce0977527ef5",6007,"Network activity","domain","meta-ua.space","UNC1151",1,1646443074,"","","","","","Ukraine Crisis Recorded Future IOC Feed","UKRAINE-CRISIS","UKRAINE-CRISIS",3,"High",1,"2022-03-05","collection:ioc-source=""recordedfuture"",tlp:white,false-positive:risk=""medium"",collection:type=""automatic"",collection:global-event=""ukraine-crisis""",1646443815
"b2ea65ce-b633-4f3a-9ff0-e70f2734d5f7",6007,"Network activity","domain","verify-mail.space","UNC1151",1,1646443074,"","","","","","Ukraine Crisis Recorded Future IOC Feed","UKRAINE-CRISIS","UKRAINE-CRISIS",3,"High",1,"2022-03-05","collection:ioc-source=""recordedfuture"",tlp:white,false-positive:risk=""medium"",collection:type=""automatic"",collection:global-event=""ukraine-crisis""",1646443815
"d760fe70-295b-4718-9925-27f3b2c1f710",6007,"Network activity","domain","walidacja-uzytkownika.site","UNC1151",1,1646443074,"","","","","","Ukraine Crisis Recorded Future IOC Feed","UKRAINE-CRISIS","UKRAINE-CRISIS",3,"High",1,"2022-03-05","collection:ioc-source=""recordedfuture"",tlp:white,false-positive:risk=""medium"",collection:type=""automatic"",collection:global-event=""ukraine-crisis""",1646443815
"4a050eae-9f42-4d40-afaa-289099cc1005",6007,"Network activity","domain","mirrohost.space","UNC1151",1,1646443075,"","","","","","Ukraine Crisis Recorded Future IOC Feed","UKRAINE-CRISIS","UKRAINE-CRISIS",3,"High",1,"2022-03-05","collection:ioc-source=""recordedfuture"",tlp:white,false-positive:risk=""medium"",collection:type=""automatic"",collection:global-event=""ukraine-crisis""",1646443815
"60a48024-ed97-4f8f-88ef-1899ac858c10",6007,"Network activity","domain","mod-mil.online","UNC1151",1,1646443075,"","","","","","Ukraine Crisis Recorded Future IOC Feed","UKRAINE-CRISIS","UKRAINE-CRISIS",3,"High",1,"2022-03-05","collection:ioc-source=""recordedfuture"",tlp:white,false-positive:risk=""medium"",collection:type=""automatic"",collection:global-event=""ukraine-crisis""",1646443815
"b7e70366-2e25-4024-982a-994e80a4f1fb",6007,"Network activity","domain","passport.command-email.online","UNC1151",1,1646443075,"","","","","","Ukraine Crisis Recorded Future IOC Feed","UKRAINE-CRISIS","UKRAINE-CRISIS",3,"High",1,"2022-03-05","collection:ioc-source=""recordedfuture"",tlp:white,false-positive:risk=""medium"",collection:type=""automatic"",collection:global-event=""ukraine-crisis""",1646443815
"10d19c78-7256-4e21-aa7b-4cdfa7781bfe",6007,"Network activity","domain","walidacja-konta.space","UNC1151",1,1646443076,"","","","","","Ukraine Crisis Recorded Future IOC Feed","UKRAINE-CRISIS","UKRAINE-CRISIS",3,"High",1,"2022-03-05","collection:ioc-source=""recordedfuture"",tlp:white,false-positive:risk=""medium"",collection:type=""automatic"",collection:global-event=""ukraine-crisis""",1646443815
"95df29e8-5567-464b-a5c5-5cec99c02399",6007,"Network activity","domain","weryfikacja-uzytkownika.site","UNC1151",1,1646443076,"","","","","","Ukraine Crisis Recorded Future IOC Feed","UKRAINE-CRISIS","UKRAINE-CRISIS",3,"High",1,"2022-03-05","collection:ioc-source=""recordedfuture"",tlp:white,false-positive:risk=""medium"",collection:type=""automatic"",collection:global-event=""ukraine-crisis""",1646443815
"b3608f55-33b4-4138-827f-c0962740e560",6007,"Network activity","domain","accounts-login.online","UNC1151",1,1646443076,"","","","","","Ukraine Crisis Recorded Future IOC Feed","UKRAINE-CRISIS","UKRAINE-CRISIS",3,"High",1,"2022-03-05","collection:ioc-source=""recordedfuture"",tlp:white,false-positive:risk=""medium"",collection:type=""automatic"",collection:global-event=""ukraine-crisis""",1646443815
"c6e0588e-b444-4b85-a5d8-2c9614fa50c6",6007,"Network activity","domain","weryfikacja-poczty.space","UNC1151",1,1646443076,"","","","","","Ukraine Crisis Recorded Future IOC Feed","UKRAINE-CRISIS","UKRAINE-CRISIS",3,"High",1,"2022-03-05","collection:ioc-source=""recordedfuture"",tlp:white,false-positive:risk=""medium"",collection:type=""automatic"",collection:global-event=""ukraine-crisis""",1646443815
"8985ca28-6591-47c9-beb7-0c94c4b388e8",6007,"Network activity","domain","op-pl.site","UNC1151",1,1646443077,"","","","","","Ukraine Crisis Recorded Future IOC Feed","UKRAINE-CRISIS","UKRAINE-CRISIS",3,"High",1,"2022-03-05","collection:ioc-source=""recordedfuture"",tlp:white,false-positive:risk=""medium"",collection:type=""automatic"",collection:global-event=""ukraine-crisis""",1646443815
"390e8d75-f379-439c-bd52-40a6babbd75a",6007,"Network activity","domain","secure-firewall.site","UNC1151",1,1646443077,"","","","","","Ukraine Crisis Recorded Future IOC Feed","UKRAINE-CRISIS","UKRAINE-CRISIS",3,"High",1,"2022-03-05","collection:ioc-source=""recordedfuture"",tlp:white,false-positive:risk=""medium"",collection:type=""automatic"",collection:global-event=""ukraine-crisis""",1646443815
"0ea291e2-e3f6-4e7e-9c6e-edeabb1519e6",6007,"Network activity","domain","weryfikacja-konta.space","UNC1151",1,1646443077,"","","","","","Ukraine Crisis Recorded Future IOC Feed","UKRAINE-CRISIS","UKRAINE-CRISIS",3,"High",1,"2022-03-05","collection:ioc-source=""recordedfuture"",tlp:white,false-positive:risk=""medium"",collection:type=""automatic"",collection:global-event=""ukraine-crisis""",1646443815
"57b10f7e-f5c4-4e4d-81d3-42ba2725378c",6007,"Network activity","domain","ron-mil.space","UNC1151",1,1646443078,"","","","","","Ukraine Crisis Recorded Future IOC Feed","UKRAINE-CRISIS","UKRAINE-CRISIS",3,"High",1,"2022-03-05","collection:ioc-source=""recordedfuture"",tlp:white,false-positive:risk=""medium"",collection:type=""automatic"",collection:global-event=""ukraine-crisis""",1646443815
"e74668dd-b008-45b5-b5e2-883df6d20a2d",6007,"Network activity","domain","akademia-mil.space","UNC1151",1,1646443078,"","","","","","Ukraine Crisis Recorded Future IOC Feed","UKRAINE-CRISIS","UKRAINE-CRISIS",3,"High",1,"2022-03-05","collection:ioc-source=""recordedfuture"",tlp:white,false-positive:risk=""medium"",collection:type=""automatic"",collection:global-event=""ukraine-crisis""",1646443815
"53df259e-d40a-44e5-8630-6193a6cef86c",6007,"Network activity","domain","azecofarm.az","Russia Nation State Sponsored (APT29 The Dukes, Turla Group, APT28, Sandworm Team)",1,1646443078,"","","","","","Ukraine Crisis Recorded Future IOC Feed","UKRAINE-CRISIS","UKRAINE-CRISIS",3,"High",1,"2022-03-05","collection:ioc-source=""recordedfuture"",tlp:white,false-positive:risk=""medium"",collection:type=""automatic"",collection:global-event=""ukraine-crisis""",1646443815
"fcd402dc-ef03-446b-9743-c2451ee407c6",6007,"Network activity","domain","com-firewall.online","UNC1151",1,1646443079,"","","","","","Ukraine Crisis Recorded Future IOC Feed","UKRAINE-CRISIS","UKRAINE-CRISIS",3,"High",1,"2022-03-05","collection:ioc-source=""recordedfuture"",tlp:white,false-positive:risk=""medium"",collection:type=""automatic"",collection:global-event=""ukraine-crisis""",1646443815
"8453389b-50f6-4479-a282-64a25928621f",6007,"Network activity","domain","i-ua.site","UNC1151",1,1646443079,"","","","","","Ukraine Crisis Recorded Future IOC Feed","UKRAINE-CRISIS","UKRAINE-CRISIS",3,"High",1,"2022-03-05","collection:ioc-source=""recordedfuture"",tlp:white,false-positive:risk=""medium"",collection:type=""automatic"",collection:global-event=""ukraine-crisis""",1646443815
"40df1959-4d10-4753-a472-29d90b4050a1",6007,"Network activity","domain","kontrola-poczty.space","UNC1151",1,1646443079,"","","","","","Ukraine Crisis Recorded Future IOC Feed","UKRAINE-CRISIS","UKRAINE-CRISIS",3,"High",1,"2022-03-05","collection:ioc-source=""recordedfuture"",tlp:white,false-positive:risk=""medium"",collection:type=""automatic"",collection:global-event=""ukraine-crisis""",1646443815
"61985a1d-72f5-4f16-8533-50a45d3f9158",6007,"Network activity","domain","potwierdzenie.site","UNC1151",1,1646443080,"","","","","","Ukraine Crisis Recorded Future IOC Feed","UKRAINE-CRISIS","UKRAINE-CRISIS",3,"High",1,"2022-03-05","collection:ioc-source=""recordedfuture"",tlp:white,false-positive:risk=""medium"",collection:type=""automatic"",collection:global-event=""ukraine-crisis""",1646443815
"5c97e1ba-9510-4e16-b5d6-27d1d194c5bd",6007,"Network activity","domain","verify-ua.space","UNC1151",1,1646443080,"","","","","","Ukraine Crisis Recorded Future IOC Feed","UKRAINE-CRISIS","UKRAINE-CRISIS",3,"High",1,"2022-03-05","collection:ioc-source=""recordedfuture"",tlp:white,false-positive:risk=""medium"",collection:type=""automatic"",collection:global-event=""ukraine-crisis""",1646443815
"e3f86a96-bbcc-4c07-a6c3-6aa3133252d2",6007,"Network activity","domain","walidacja-poczty.space","UNC1151",1,1646443080,"","","","","","Ukraine Crisis Recorded Future IOC Feed","UKRAINE-CRISIS","UKRAINE-CRISIS",3,"High",1,"2022-03-05","collection:ioc-source=""recordedfuture"",tlp:white,false-positive:risk=""medium"",collection:type=""automatic"",collection:global-event=""ukraine-crisis""",1646443815
"60131256-925e-4ae5-b190-9d7b72eb4ed2",6007,"Network activity","domain","walidacja-uzytkownika.space","UNC1151",1,1646443081,"","","","","","Ukraine Crisis Recorded Future IOC Feed","UKRAINE-CRISIS","UKRAINE-CRISIS",3,"High",1,"2022-03-05","collection:ioc-source=""recordedfuture"",tlp:white,false-positive:risk=""medium"",collection:type=""automatic"",collection:global-event=""ukraine-crisis""",1646443815
"78853a1c-45a1-4a53-8d99-8abed2516067",6007,"Network activity","domain","konto-verify.space","UNC1151",1,1646443081,"","","","","","Ukraine Crisis Recorded Future IOC Feed","UKRAINE-CRISIS","UKRAINE-CRISIS",3,"High",1,"2022-03-05","collection:ioc-source=""recordedfuture"",tlp:white,false-positive:risk=""medium"",collection:type=""automatic"",collection:global-event=""ukraine-crisis""",1646443815
"52950364-3c40-4167-94f9-fe10832911c9",6007,"Network activity","domain","net-firewall.online","UNC1151",1,1646443081,"","","","","","Ukraine Crisis Recorded Future IOC Feed","UKRAINE-CRISIS","UKRAINE-CRISIS",3,"High",1,"2022-03-05","collection:ioc-source=""recordedfuture"",tlp:white,false-positive:risk=""medium"",collection:type=""automatic"",collection:global-event=""ukraine-crisis""",1646443815
"339ed291-26a3-42af-a935-b797475f0332",6007,"Network activity","domain","ru-mailbox.site","UNC1151",1,1646443082,"","","","","","Ukraine Crisis Recorded Future IOC Feed","UKRAINE-CRISIS","UKRAINE-CRISIS",3,"High",1,"2022-03-05","collection:ioc-source=""recordedfuture"",tlp:white,false-positive:risk=""medium"",collection:type=""automatic"",collection:global-event=""ukraine-crisis""",1646443815
"374473c8-9b8e-4052-a9ee-50d62b65b2c5",6007,"Network activity","domain","creditals-mirohost.space","UNC1151",1,1646443082,"","","","","","Ukraine Crisis Recorded Future IOC Feed","UKRAINE-CRISIS","UKRAINE-CRISIS",3,"High",1,"2022-03-05","collection:ioc-source=""recordedfuture"",tlp:white,false-positive:risk=""medium"",collection:type=""automatic"",collection:global-event=""ukraine-crisis""",1646443815
"2a5a9856-0de3-4eb6-ab53-c77b44ab169d",6007,"Network activity","domain","mail-validation.online","UNC1151",1,1646443082,"","","","","","Ukraine Crisis Recorded Future IOC Feed","UKRAINE-CRISIS","UKRAINE-CRISIS",3,"High",1,"2022-03-05","collection:ioc-source=""recordedfuture"",tlp:white,false-positive:risk=""medium"",collection:type=""automatic"",collection:global-event=""ukraine-crisis""",1646443815
"bf93c697-c14c-45af-91f8-4baa7358002d",6007,"Network activity","domain","microtech.az","Russia Nation State Sponsored (APT29 The Dukes, Turla Group, APT28, Sandworm Team)",1,1646443083,"","","","","","Ukraine Crisis Recorded Future IOC Feed","UKRAINE-CRISIS","UKRAINE-CRISIS",3,"High",1,"2022-03-05","collection:ioc-source=""recordedfuture"",tlp:white,false-positive:risk=""medium"",collection:type=""automatic"",collection:global-event=""ukraine-crisis""",1646443815
"7cd71e16-8031-4ac7-ad20-dc54fb723c60",6007,"Network activity","domain","sign-in-inbox.site","UNC1151",1,1646443083,"","","","","","Ukraine Crisis Recorded Future IOC Feed","UKRAINE-CRISIS","UKRAINE-CRISIS",3,"High",1,"2022-03-05","collection:ioc-source=""recordedfuture"",tlp:white,false-positive:risk=""medium"",collection:type=""automatic"",collection:global-event=""ukraine-crisis""",1646443815
"de4703a3-cfef-4360-a882-74ea0be44c2b",6007,"Network activity","domain","ua-passport.site","UNC1151",1,1646443083,"","","","","","Ukraine Crisis Recorded Future IOC Feed","UKRAINE-CRISIS","UKRAINE-CRISIS",3,"High",1,"2022-03-05","collection:ioc-source=""recordedfuture"",tlp:white,false-positive:risk=""medium"",collection:type=""automatic"",collection:global-event=""ukraine-crisis""",1646443815
"239ebb95-71d3-4b6a-bacd-7e98bcb70e78",6007,"Network activity","domain","walidacja-uzytkownika.website","UNC1151",1,1646443083,"","","","","","Ukraine Crisis Recorded Future IOC Feed","UKRAINE-CRISIS","UKRAINE-CRISIS",3,"High",1,"2022-03-05","collection:ioc-source=""recordedfuture"",tlp:white,false-positive:risk=""medium"",collection:type=""automatic"",collection:global-event=""ukraine-crisis""",1646443815
"6af01e22-cd86-4f19-a54c-9d8f14d4df3f",6007,"Network activity","domain","wp-firewall.website","UNC1151",1,1646443084,"","","","","","Ukraine Crisis Recorded Future IOC Feed","UKRAINE-CRISIS","UKRAINE-CRISIS",3,"High",1,"2022-03-05","collection:ioc-source=""recordedfuture"",tlp:white,false-positive:risk=""medium"",collection:type=""automatic"",collection:global-event=""ukraine-crisis""",1646443815
"3236bdaa-b6ce-449c-833d-39d613611925",6007,"Network activity","domain","authorization-inbox.site","UNC1151",1,1646443084,"","","","","","Ukraine Crisis Recorded Future IOC Feed","UKRAINE-CRISIS","UKRAINE-CRISIS",3,"High",1,"2022-03-05","collection:ioc-source=""recordedfuture"",tlp:white,false-positive:risk=""medium"",collection:type=""automatic"",collection:global-event=""ukraine-crisis""",1646443815
"0d355f65-508c-4033-afcf-43cd07d8dc4f",6007,"Network activity","domain","confluence.novus.ua","HermeticWiper, Ransomware, PartyTicket",1,1646443084,"","","","","","Ukraine Crisis Recorded Future IOC Feed","UKRAINE-CRISIS","UKRAINE-CRISIS",3,"High",1,"2022-03-05","collection:ioc-source=""recordedfuture"",tlp:white,false-positive:risk=""medium"",collection:type=""automatic"",collection:global-event=""ukraine-crisis""",1646443815
"079ee1a5-e35c-41eb-a208-5f5260598e55",6007,"Network activity","domain","kontrola-bezpieczenstwa.space","UNC1151",1,1646443085,"","","","","","Ukraine Crisis Recorded Future IOC Feed","UKRAINE-CRISIS","UKRAINE-CRISIS",3,"High",1,"2022-03-05","collection:ioc-source=""recordedfuture"",tlp:white,false-positive:risk=""medium"",collection:type=""automatic"",collection:global-event=""ukraine-crisis""",1646443815
"343ffaa7-248b-429a-ac85-85c30a130e81",6007,"Network activity","domain","mirohost.site","UNC1151",1,1646443085,"","","","","","Ukraine Crisis Recorded Future IOC Feed","UKRAINE-CRISIS","UKRAINE-CRISIS",3,"High",1,"2022-03-05","collection:ioc-source=""recordedfuture"",tlp:white,false-positive:risk=""medium"",collection:type=""automatic"",collection:global-event=""ukraine-crisis""",1646443815
"7b6ef147-1189-44df-8ff6-0ca778e963f4",6007,"Network activity","domain","safe-onet.space","UNC1151",1,1646443085,"","","","","","Ukraine Crisis Recorded Future IOC Feed","UKRAINE-CRISIS","UKRAINE-CRISIS",3,"High",1,"2022-03-05","collection:ioc-source=""recordedfuture"",tlp:white,false-positive:risk=""medium"",collection:type=""automatic"",collection:global-event=""ukraine-crisis""",1646443815
"e1dd2975-8be2-44aa-ac84-e7812842d180",6007,"Network activity","domain","telekom-dienste.online","UNC1151",1,1646443086,"","","","","","Ukraine Crisis Recorded Future IOC Feed","UKRAINE-CRISIS","UKRAINE-CRISIS",3,"High",1,"2022-03-05","collection:ioc-source=""recordedfuture"",tlp:white,false-positive:risk=""medium"",collection:type=""automatic"",collection:global-event=""ukraine-crisis""",1646443815
"2525cfe7-0bd4-4991-94b1-08334b3b0a1a",6007,"Network activity","domain","walidacja-uzytkownika.online","UNC1151",1,1646443086,"","","","","","Ukraine Crisis Recorded Future IOC Feed","UKRAINE-CRISIS","UKRAINE-CRISIS",3,"High",1,"2022-03-05","collection:ioc-source=""recordedfuture"",tlp:white,false-positive:risk=""medium"",collection:type=""automatic"",collection:global-event=""ukraine-crisis""",1646443815
"258bcd99-c32a-40bf-b1a8-c2e1a1a1e88a",6007,"Network activity","domain","weryfikacja-uzytkownika.space","UNC1151",1,1646443086,"","","","","","Ukraine Crisis Recorded Future IOC Feed","UKRAINE-CRISIS","UKRAINE-CRISIS",3,"High",1,"2022-03-05","collection:ioc-source=""recordedfuture"",tlp:white,false-positive:risk=""medium"",collection:type=""automatic"",collection:global-event=""ukraine-crisis""",1646443815
"126bc006-1785-4af5-9273-49c8ced2550d",6007,"Network activity","domain","wp-potwierdzac.site","UNC1151",1,1646443087,"","","","","","Ukraine Crisis Recorded Future IOC Feed","UKRAINE-CRISIS","UKRAINE-CRISIS",3,"High",1,"2022-03-05","collection:ioc-source=""recordedfuture"",tlp:white,false-positive:risk=""medium"",collection:type=""automatic"",collection:global-event=""ukraine-crisis""",1646443815
"6d434a3d-a15f-4c8d-b595-2b17c9027129",6007,"Network activity","domain","interia-firewall.site","UNC1151",1,1646443087,"","","","","","Ukraine Crisis Recorded Future IOC Feed","UKRAINE-CRISIS","UKRAINE-CRISIS",3,"High",1,"2022-03-05","collection:ioc-source=""recordedfuture"",tlp:white,false-positive:risk=""medium"",collection:type=""automatic"",collection:global-event=""ukraine-crisis""",1646443815
"60140ac8-f51c-4523-9168-14bd30bb9f04",6007,"Network activity","domain","login-inbox.site","UNC1151",1,1646443087,"","","","","","Ukraine Crisis Recorded Future IOC Feed","UKRAINE-CRISIS","UKRAINE-CRISIS",3,"High",1,"2022-03-05","collection:ioc-source=""recordedfuture"",tlp:white,false-positive:risk=""medium"",collection:type=""automatic"",collection:global-event=""ukraine-crisis""",1646443815
"e8209969-0232-4342-96ba-66e6c4a5940f",6007,"Network activity","domain","login-microsoftonline.site","UNC1151",1,1646443088,"","","","","","Ukraine Crisis Recorded Future IOC Feed","UKRAINE-CRISIS","UKRAINE-CRISIS",3,"High",1,"2022-03-05","collection:ioc-source=""recordedfuture"",tlp:white,false-positive:risk=""medium"",collection:type=""automatic"",collection:global-event=""ukraine-crisis""",1646443815
"585bf1a0-94d6-488b-897c-dd081e2fe7d5",6007,"Network activity","domain","mod-mil.site","UNC1151",1,1646443088,"","","","","","Ukraine Crisis Recorded Future IOC Feed","UKRAINE-CRISIS","UKRAINE-CRISIS",3,"High",1,"2022-03-05","collection:ioc-source=""recordedfuture"",tlp:white,false-positive:risk=""medium"",collection:type=""automatic"",collection:global-event=""ukraine-crisis""",1646443815
"1b8dc13a-d78f-4324-bb4b-ec2aac2a2ace",6007,"Network activity","domain","safe-control.space","UNC1151",1,1646443088,"","","","","","Ukraine Crisis Recorded Future IOC Feed","UKRAINE-CRISIS","UKRAINE-CRISIS",3,"High",1,"2022-03-05","collection:ioc-source=""recordedfuture"",tlp:white,false-positive:risk=""medium"",collection:type=""automatic"",collection:global-event=""ukraine-crisis""",1646443815
"8558dd1e-b12f-410a-9e04-2ff39c17104f",6007,"Network activity","domain","safe-onet.online","UNC1151",1,1646443088,"","","","","","Ukraine Crisis Recorded Future IOC Feed","UKRAINE-CRISIS","UKRAINE-CRISIS",3,"High",1,"2022-03-05","collection:ioc-source=""recordedfuture"",tlp:white,false-positive:risk=""medium"",collection:type=""automatic"",collection:global-event=""ukraine-crisis""",1646443815
"cacc9fbc-1b5d-4fa5-b36d-a3e721fbeac9",6007,"Network activity","domain","secure-ua.site","UNC1151",1,1646443089,"","","","","","Ukraine Crisis Recorded Future IOC Feed","UKRAINE-CRISIS","UKRAINE-CRISIS",3,"High",1,"2022-03-05","collection:ioc-source=""recordedfuture"",tlp:white,false-positive:risk=""medium"",collection:type=""automatic"",collection:global-event=""ukraine-crisis""",1646443815
"179e72c3-8d02-4e9e-b654-a0b3301825f3",6007,"Network activity","domain","vm-srv-1.gel.ulaval.ca","Russia Nation State Sponsored (APT29 The Dukes, Turla Group, APT28, Sandworm Team)",1,1646443089,"","","","","","Ukraine Crisis Recorded Future IOC Feed","UKRAINE-CRISIS","UKRAINE-CRISIS",3,"High",1,"2022-03-05","collection:ioc-source=""recordedfuture"",tlp:white,false-positive:risk=""medium"",collection:type=""automatic"",collection:global-event=""ukraine-crisis""",1646443815
"fe79ba93-d55f-4d54-bf73-da615dd35e72",6007,"Network activity","domain","is-lt.online","UNC1151",1,1646443089,"","","","","","Ukraine Crisis Recorded Future IOC Feed","UKRAINE-CRISIS","UKRAINE-CRISIS",3,"High",1,"2022-03-05","collection:ioc-source=""recordedfuture"",tlp:white,false-positive:risk=""medium"",collection:type=""automatic"",collection:global-event=""ukraine-crisis""",1646443815
"9006b62d-60dc-4783-9c54-6f7b9e74b51c",6007,"Network activity","domain","kontrola-bezpieczenstwa.online","UNC1151",1,1646443090,"","","","","","Ukraine Crisis Recorded Future IOC Feed","UKRAINE-CRISIS","UKRAINE-CRISIS",3,"High",1,"2022-03-05","collection:ioc-source=""recordedfuture"",tlp:white,false-positive:risk=""medium"",collection:type=""automatic"",collection:global-event=""ukraine-crisis""",1646443815
"fb41547d-0ced-4ed0-9044-355720e4808e",6007,"Network activity","domain","kontrola-bezpieczenstwa.site","UNC1151",1,1646443090,"","","","","","Ukraine Crisis Recorded Future IOC Feed","UKRAINE-CRISIS","UKRAINE-CRISIS",3,"High",1,"2022-03-05","collection:ioc-source=""recordedfuture"",tlp:white,false-positive:risk=""medium"",collection:type=""automatic"",collection:global-event=""ukraine-crisis""",1646443815
"58130e7f-66b0-4c59-8d57-54017fc7d45f",6007,"Network activity","domain","kontrola-bezpieczenstwa.website","UNC1151",1,1646443090,"","","","","","Ukraine Crisis Recorded Future IOC Feed","UKRAINE-CRISIS","UKRAINE-CRISIS",3,"High",1,"2022-03-05","collection:ioc-source=""recordedfuture"",tlp:white,false-positive:risk=""medium"",collection:type=""automatic"",collection:global-event=""ukraine-crisis""",1646443815
"2fdcb72d-72f7-4077-8b47-5a177373d967",6007,"Network activity","domain","login-yahoo.site","UNC1151",1,1646443091,"","","","","","Ukraine Crisis Recorded Future IOC Feed","UKRAINE-CRISIS","UKRAINE-CRISIS",3,"High",1,"2022-03-05","collection:ioc-source=""recordedfuture"",tlp:white,false-positive:risk=""medium"",collection:type=""automatic"",collection:global-event=""ukraine-crisis""",1646443815
"12d86648-9d76-40a9-9a92-b944466f6d6b",6007,"Network activity","domain","login.walidacja-poczty.space","UNC1151",1,1646443091,"","","","","","Ukraine Crisis Recorded Future IOC Feed","UKRAINE-CRISIS","UKRAINE-CRISIS",3,"High",1,"2022-03-05","collection:ioc-source=""recordedfuture"",tlp:white,false-positive:risk=""medium"",collection:type=""automatic"",collection:global-event=""ukraine-crisis""",1646443815
"aac5814b-51bb-4f32-82e3-cf53a3b0d877",6007,"Network activity","domain","secure-firewall.website","UNC1151",1,1646443091,"","","","","","Ukraine Crisis Recorded Future IOC Feed","UKRAINE-CRISIS","UKRAINE-CRISIS",3,"High",1,"2022-03-05","collection:ioc-source=""recordedfuture"",tlp:white,false-positive:risk=""medium"",collection:type=""automatic"",collection:global-event=""ukraine-crisis""",1646443815
"345c7fc5-1801-497a-9504-8a2f51f78751",6007,"Network activity","domain","secure-ua.website","UNC1151",1,1646443092,"","","","","","Ukraine Crisis Recorded Future IOC Feed","UKRAINE-CRISIS","UKRAINE-CRISIS",3,"High",1,"2022-03-05","collection:ioc-source=""recordedfuture"",tlp:white,false-positive:risk=""medium"",collection:type=""automatic"",collection:global-event=""ukraine-crisis""",1646443815
"830233ec-5d65-4ca5-9b50-843d5cb8ffbc",6007,"Network activity","domain","signin-inbox.online","UNC1151",1,1646443092,"","","","","","Ukraine Crisis Recorded Future IOC Feed","UKRAINE-CRISIS","UKRAINE-CRISIS",3,"High",1,"2022-03-05","collection:ioc-source=""recordedfuture"",tlp:white,false-positive:risk=""medium"",collection:type=""automatic"",collection:global-event=""ukraine-crisis""",1646443815
"9c40f571-b91a-424b-b6e2-d5012d5d08b2",6007,"Network activity","domain","wirtualna-polska.online","UNC1151",1,1646443092,"","","","","","Ukraine Crisis Recorded Future IOC Feed","UKRAINE-CRISIS","UKRAINE-CRISIS",3,"High",1,"2022-03-05","collection:ioc-source=""recordedfuture"",tlp:white,false-positive:risk=""medium"",collection:type=""automatic"",collection:global-event=""ukraine-crisis""",1646443815
"a3495d65-4c45-4f2c-9301-ae28f2772b3a",6007,"Network activity","domain","account-logins.online","UNC1151",1,1646443092,"","","","","","Ukraine Crisis Recorded Future IOC Feed","UKRAINE-CRISIS","UKRAINE-CRISIS",3,"High",1,"2022-03-05","collection:ioc-source=""recordedfuture"",tlp:white,false-positive:risk=""medium"",collection:type=""automatic"",collection:global-event=""ukraine-crisis""",1646443815
"9731bb65-9dd6-4446-84ae-c38111c541c3",6007,"Network activity","domain","interia.kontrola-bezpieczenstwa.space","UNC1151",1,1646443093,"","","","","","Ukraine Crisis Recorded Future IOC Feed","UKRAINE-CRISIS","UKRAINE-CRISIS",3,"High",1,"2022-03-05","collection:ioc-source=""recordedfuture"",tlp:white,false-positive:risk=""medium"",collection:type=""automatic"",collection:global-event=""ukraine-crisis""",1646443815
"e038b882-0450-4fa3-b55c-082d2b9f3bae",6007,"Network activity","domain","interia.sprawdzanie-konta.space","UNC1151",1,1646443093,"","","","","","Ukraine Crisis Recorded Future IOC Feed","UKRAINE-CRISIS","UKRAINE-CRISIS",3,"High",1,"2022-03-05","collection:ioc-source=""recordedfuture"",tlp:white,false-positive:risk=""medium"",collection:type=""automatic"",collection:global-event=""ukraine-crisis""",1646443815
"0994766b-214c-4b31-a21e-d4beecbccb61",6007,"Network activity","domain","interia.walidacja-konta.space","UNC1151",1,1646443093,"","","","","","Ukraine Crisis Recorded Future IOC Feed","UKRAINE-CRISIS","UKRAINE-CRISIS",3,"High",1,"2022-03-05","collection:ioc-source=""recordedfuture"",tlp:white,false-positive:risk=""medium"",collection:type=""automatic"",collection:global-event=""ukraine-crisis""",1646443815
"d2a53705-38b7-4aba-a410-181973c7b0bc",6007,"Network activity","domain","konto.weryfikacja-poczty.space","UNC1151",1,1646443094,"","","","","","Ukraine Crisis Recorded Future IOC Feed","UKRAINE-CRISIS","UKRAINE-CRISIS",3,"High",1,"2022-03-05","collection:ioc-source=""recordedfuture"",tlp:white,false-positive:risk=""medium"",collection:type=""automatic"",collection:global-event=""ukraine-crisis""",1646443815
"c6895c03-3d66-4c8b-aa14-5b429f5d23c2",6007,"Network activity","domain","konto.weryfikacja-uzytkownika.space","UNC1151",1,1646443094,"","","","","","Ukraine Crisis Recorded Future IOC Feed","UKRAINE-CRISIS","UKRAINE-CRISIS",3,"High",1,"2022-03-05","collection:ioc-source=""recordedfuture"",tlp:white,false-positive:risk=""medium"",collection:type=""automatic"",collection:global-event=""ukraine-crisis""",1646443815
"6612b62d-6031-401c-a254-0eec00a27165",6007,"Network activity","domain","kontrola-poczty.site","UNC1151",1,1646443094,"","","","","","Ukraine Crisis Recorded Future IOC Feed","UKRAINE-CRISIS","UKRAINE-CRISIS",3,"High",1,"2022-03-05","collection:ioc-source=""recordedfuture"",tlp:white,false-positive:risk=""medium"",collection:type=""automatic"",collection:global-event=""ukraine-crisis""",1646443815
"936ecc5c-9a87-4376-a64b-15564f245a52",6007,"Network activity","domain","mirohost.online","UNC1151",1,1646443095,"","","","","","Ukraine Crisis Recorded Future IOC Feed","UKRAINE-CRISIS","UKRAINE-CRISIS",3,"High",1,"2022-03-05","collection:ioc-source=""recordedfuture"",tlp:white,false-positive:risk=""medium"",collection:type=""automatic"",collection:global-event=""ukraine-crisis""",1646443815
"db38a405-6c46-4528-aea1-0aca068440d2",6007,"Network activity","domain","poczta.walidacja-konta.space","UNC1151",1,1646443095,"","","","","","Ukraine Crisis Recorded Future IOC Feed","UKRAINE-CRISIS","UKRAINE-CRISIS",3,"High",1,"2022-03-05","collection:ioc-source=""recordedfuture"",tlp:white,false-positive:risk=""medium"",collection:type=""automatic"",collection:global-event=""ukraine-crisis""",1646443815
"f592ec3d-a050-4c30-8250-76417707baaa",6007,"Network activity","domain","service.kontrola-poczty.space","UNC1151",1,1646443095,"","","","","","Ukraine Crisis Recorded Future IOC Feed","UKRAINE-CRISIS","UKRAINE-CRISIS",3,"High",1,"2022-03-05","collection:ioc-source=""recordedfuture"",tlp:white,false-positive:risk=""medium"",collection:type=""automatic"",collection:global-event=""ukraine-crisis""",1646443815
"f98da29b-b007-4cc3-b5a9-288c0d63c7c5",6007,"Network activity","domain","service.walidacja-konta.space","UNC1151",1,1646443096,"","","","","","Ukraine Crisis Recorded Future IOC Feed","UKRAINE-CRISIS","UKRAINE-CRISIS",3,"High",1,"2022-03-05","collection:ioc-source=""recordedfuture"",tlp:white,false-positive:risk=""medium"",collection:type=""automatic"",collection:global-event=""ukraine-crisis""",1646443815
"1390b0f3-c1a7-4be0-9806-525187ff3873",6007,"Network activity","domain","accounts.verify-email.space","UNC1151",1,1646443096,"","","","","","Ukraine Crisis Recorded Future IOC Feed","UKRAINE-CRISIS","UKRAINE-CRISIS",3,"High",1,"2022-03-05","collection:ioc-source=""recordedfuture"",tlp:white,false-positive:risk=""medium"",collection:type=""automatic"",collection:global-event=""ukraine-crisis""",1646443815
"84d45c49-fe29-4cfb-8e98-d98f071dfec5",6007,"Network activity","domain","aplikacje.ron-mil.space","UNC1151",1,1646443096,"","","","","","Ukraine Crisis Recorded Future IOC Feed","UKRAINE-CRISIS","UKRAINE-CRISIS",3,"High",1,"2022-03-05","collection:ioc-source=""recordedfuture"",tlp:white,false-positive:risk=""medium"",collection:type=""automatic"",collection:global-event=""ukraine-crisis""",1646443815
"fdbe516e-286e-4712-8f15-1558c42102cc",6007,"Network activity","domain","interii.konto-verify.space","UNC1151",1,1646443096,"","","","","","Ukraine Crisis Recorded Future IOC Feed","UKRAINE-CRISIS","UKRAINE-CRISIS",3,"High",1,"2022-03-05","collection:ioc-source=""recordedfuture"",tlp:white,false-positive:risk=""medium"",collection:type=""automatic"",collection:global-event=""ukraine-crisis""",1646443815
"ca8a8039-080e-411a-9c9b-efadf23fd6b3",6007,"Network activity","domain","login.creditals-email.space","UNC1151",1,1646443097,"","","","","","Ukraine Crisis Recorded Future IOC Feed","UKRAINE-CRISIS","UKRAINE-CRISIS",3,"High",1,"2022-03-05","collection:ioc-source=""recordedfuture"",tlp:white,false-positive:risk=""medium"",collection:type=""automatic"",collection:global-event=""ukraine-crisis""",1646443815
"d82afd12-24e1-41bb-a9a2-601d14f9d986",6007,"Network activity","domain","login.verify-mail.space","UNC1151",1,1646443097,"","","","","","Ukraine Crisis Recorded Future IOC Feed","UKRAINE-CRISIS","UKRAINE-CRISIS",3,"High",1,"2022-03-05","collection:ioc-source=""recordedfuture"",tlp:white,false-positive:risk=""medium"",collection:type=""automatic"",collection:global-event=""ukraine-crisis""",1646443815
"5431f665-60d6-482a-a249-2f50c537dadb",6007,"Network activity","domain","mail.mirrohost.space","UNC1151",1,1646443097,"","","","","","Ukraine Crisis Recorded Future IOC Feed","UKRAINE-CRISIS","UKRAINE-CRISIS",3,"High",1,"2022-03-05","collection:ioc-source=""recordedfuture"",tlp:white,false-positive:risk=""medium"",collection:type=""automatic"",collection:global-event=""ukraine-crisis""",1646443815
"2f1c6d7c-8adc-4a82-bae8-12f365ef5c3d",6007,"Network activity","domain","pis.kontrola-bezpieczenstwa.site","UNC1151",1,1646443098,"","","","","","Ukraine Crisis Recorded Future IOC Feed","UKRAINE-CRISIS","UKRAINE-CRISIS",3,"High",1,"2022-03-05","collection:ioc-source=""recordedfuture"",tlp:white,false-positive:risk=""medium"",collection:type=""automatic"",collection:global-event=""ukraine-crisis""",1646443815
"9698730c-6b4b-4b9f-b634-f335ff7bf137",6007,"Network activity","domain","pis.kontrola-bezpieczenstwa.website","UNC1151",1,1646443098,"","","","","","Ukraine Crisis Recorded Future IOC Feed","UKRAINE-CRISIS","UKRAINE-CRISIS",3,"High",1,"2022-03-05","collection:ioc-source=""recordedfuture"",tlp:white,false-positive:risk=""medium"",collection:type=""automatic"",collection:global-event=""ukraine-crisis""",1646443815
"05429902-0ba1-4a71-8f56-be6ea76d9625",6007,"Network activity","domain","poczta.kontrola-bezpieczenstwa.site","UNC1151",1,1646443098,"","","","","","Ukraine Crisis Recorded Future IOC Feed","UKRAINE-CRISIS","UKRAINE-CRISIS",3,"High",1,"2022-03-05","collection:ioc-source=""recordedfuture"",tlp:white,false-positive:risk=""medium"",collection:type=""automatic"",collection:global-event=""ukraine-crisis""",1646443815
"66eaf9bb-1b18-493a-aa7c-e10e92861680",6007,"Network activity","domain","poczta.kontrola-bezpieczenstwa.website","UNC1151",1,1646443099,"","","","","","Ukraine Crisis Recorded Future IOC Feed","UKRAINE-CRISIS","UKRAINE-CRISIS",3,"High",1,"2022-03-05","collection:ioc-source=""recordedfuture"",tlp:white,false-positive:risk=""medium"",collection:type=""automatic"",collection:global-event=""ukraine-crisis""",1646443815
"2f626f33-5230-4483-8831-7169cb227a69",6007,"Network activity","domain","poczta.walidacja-uzytkownika.space","UNC1151",1,1646443099,"","","","","","Ukraine Crisis Recorded Future IOC Feed","UKRAINE-CRISIS","UKRAINE-CRISIS",3,"High",1,"2022-03-05","collection:ioc-source=""recordedfuture"",tlp:white,false-positive:risk=""medium"",collection:type=""automatic"",collection:global-event=""ukraine-crisis""",1646443815
"c4feba1b-6c0c-405e-989d-d9360d473156",6007,"Network activity","domain","post.mil-gov.space","UNC1151",1,1646443099,"","","","","","Ukraine Crisis Recorded Future IOC Feed","UKRAINE-CRISIS","UKRAINE-CRISIS",3,"High",1,"2022-03-05","collection:ioc-source=""recordedfuture"",tlp:white,false-positive:risk=""medium"",collection:type=""automatic"",collection:global-event=""ukraine-crisis""",1646443815
"4902ff63-8e69-403b-8242-a1b197d397f1",6007,"Network activity","domain","post.verify-mail.space","UNC1151",1,1646443100,"","","","","","Ukraine Crisis Recorded Future IOC Feed","UKRAINE-CRISIS","UKRAINE-CRISIS",3,"High",1,"2022-03-05","collection:ioc-source=""recordedfuture"",tlp:white,false-positive:risk=""medium"",collection:type=""automatic"",collection:global-event=""ukraine-crisis""",1646443815
"a3a16293-91de-4a3b-b910-ef57d12c5574",6007,"Network activity","domain","service.verify-mail.space","UNC1151",1,1646443100,"","","","","","Ukraine Crisis Recorded Future IOC Feed","UKRAINE-CRISIS","UKRAINE-CRISIS",3,"High",1,"2022-03-05","collection:ioc-source=""recordedfuture"",tlp:white,false-positive:risk=""medium"",collection:type=""automatic"",collection:global-event=""ukraine-crisis""",1646443815
"608c445c-a28e-49c7-9869-afce5b6ad3e4",6007,"Network activity","domain","www.walidacja-poczty.space","UNC1151",1,1646443100,"","","","","","Ukraine Crisis Recorded Future IOC Feed","UKRAINE-CRISIS","UKRAINE-CRISIS",3,"High",1,"2022-03-05","collection:ioc-source=""recordedfuture"",tlp:white,false-positive:risk=""medium"",collection:type=""automatic"",collection:global-event=""ukraine-crisis""",1646443815
"31f42687-222b-4d28-94d1-a62fa3e75022",6007,"Network activity","domain","185.156.177.92","UNC1151",1,1646443100,"","","","","","Ukraine Crisis Recorded Future IOC Feed","UKRAINE-CRISIS","UKRAINE-CRISIS",3,"High",1,"2022-03-05","collection:ioc-source=""recordedfuture"",tlp:white,false-positive:risk=""medium"",collection:type=""automatic"",collection:global-event=""ukraine-crisis""",1646443815
"ad3ee0cd-f87a-48da-86d0-eedc15a9d60e",6007,"Network activity","domain","194.110.248.92","UNC1151",1,1646443101,"","","","","","Ukraine Crisis Recorded Future IOC Feed","UKRAINE-CRISIS","UKRAINE-CRISIS",3,"High",1,"2022-03-05","collection:ioc-source=""recordedfuture"",tlp:white,false-positive:risk=""medium"",collection:type=""automatic"",collection:global-event=""ukraine-crisis""",1646443815
"1d33a913-1d1c-4dbd-9493-db97b92da8ce",6007,"Network activity","domain","212.103.61.74","Russia Nation State Sponsored (APT29 The Dukes, Turla Group, APT28, Sandworm Team)",1,1646443101,"","","","","","Ukraine Crisis Recorded Future IOC Feed","UKRAINE-CRISIS","UKRAINE-CRISIS",3,"High",1,"2022-03-05","collection:ioc-source=""recordedfuture"",tlp:white,false-positive:risk=""medium"",collection:type=""automatic"",collection:global-event=""ukraine-crisis""",1646443815
"5fb73c0d-91ea-4111-94e8-0eaffde9086b",6007,"Network activity","domain","104.237.218.74","Russia Nation State Sponsored (APT29 The Dukes, Turla Group, APT28, Sandworm Team)",1,1646443101,"","","","","","Ukraine Crisis Recorded Future IOC Feed","UKRAINE-CRISIS","UKRAINE-CRISIS",3,"High",1,"2022-03-05","collection:ioc-source=""recordedfuture"",tlp:white,false-positive:risk=""medium"",collection:type=""automatic"",collection:global-event=""ukraine-crisis""",1646443815
"20a09945-204a-4129-9c6b-335a5cca01a2",6007,"Network activity","domain","77.104.135.97","Russia Nation State Sponsored (APT29 The Dukes, Turla Group, APT28, Sandworm Team)",1,1646443102,"","","","","","Ukraine Crisis Recorded Future IOC Feed","UKRAINE-CRISIS","UKRAINE-CRISIS",3,"High",1,"2022-03-05","collection:ioc-source=""recordedfuture"",tlp:white,false-positive:risk=""medium"",collection:type=""automatic"",collection:global-event=""ukraine-crisis""",1646443815
"410e9a90-a861-45d3-94b2-1210b60ee27e",6007,"Network activity","domain","192.154.224.126","Russia Nation State Sponsored (APT29 The Dukes, Turla Group, APT28, Sandworm Team)",1,1646443102,"","","","","","Ukraine Crisis Recorded Future IOC Feed","UKRAINE-CRISIS","UKRAINE-CRISIS",3,"High",1,"2022-03-05","collection:ioc-source=""recordedfuture"",tlp:white,false-positive:risk=""medium"",collection:type=""automatic"",collection:global-event=""ukraine-crisis""",1646443815
"1b30f320-13d2-4914-9865-0bd50125fa7f",6007,"Network activity","domain","37.140.192.87","Russia Nation State Sponsored (APT29 The Dukes, Turla Group, APT28, Sandworm Team)",1,1646443102,"","","","","","Ukraine Crisis Recorded Future IOC Feed","UKRAINE-CRISIS","UKRAINE-CRISIS",3,"High",1,"2022-03-05","collection:ioc-source=""recordedfuture"",tlp:white,false-positive:risk=""medium"",collection:type=""automatic"",collection:global-event=""ukraine-crisis""",1646443815
"7ef05932-8c6b-4b2b-881b-2e0c7b95ead4",6007,"Network activity","domain","156.96.46.116","Russia Nation State Sponsored (APT29 The Dukes, Turla Group, APT28, Sandworm Team)",1,1646443103,"","","","","","Ukraine Crisis Recorded Future IOC Feed","UKRAINE-CRISIS","UKRAINE-CRISIS",3,"High",1,"2022-03-05","collection:ioc-source=""recordedfuture"",tlp:white,false-positive:risk=""medium"",collection:type=""automatic"",collection:global-event=""ukraine-crisis""",1646443815
"f08dbe30-9892-483a-a9c2-16f9a43dd8ac",6007,"Network activity","domain","217.174.238.14","Russia Nation State Sponsored (APT29 The Dukes, Turla Group, APT28, Sandworm Team)",1,1646443103,"","","","","","Ukraine Crisis Recorded Future IOC Feed","UKRAINE-CRISIS","UKRAINE-CRISIS",3,"High",1,"2022-03-05","collection:ioc-source=""recordedfuture"",tlp:white,false-positive:risk=""medium"",collection:type=""automatic"",collection:global-event=""ukraine-crisis""",1646443815
"6a4caef7-4570-4fef-a2b5-f3bce66fbca4",6007,"Network activity","domain","31.41.45.112","UNC1151",1,1646443103,"","","","","","Ukraine Crisis Recorded Future IOC Feed","UKRAINE-CRISIS","UKRAINE-CRISIS",3,"High",1,"2022-03-05","collection:ioc-source=""recordedfuture"",tlp:white,false-positive:risk=""medium"",collection:type=""automatic"",collection:global-event=""ukraine-crisis""",1646443815
"a21da5ab-4c7a-4772-9bff-a8d03cb5dbcb",6007,"Network activity","domain","23.82.128.144","Russia Nation State Sponsored (APT29 The Dukes, Turla Group, APT28, Sandworm Team)",1,1646443104,"","","","","","Ukraine Crisis Recorded Future IOC Feed","UKRAINE-CRISIS","UKRAINE-CRISIS",3,"High",1,"2022-03-05","collection:ioc-source=""recordedfuture"",tlp:white,false-positive:risk=""medium"",collection:type=""automatic"",collection:global-event=""ukraine-crisis""",1646443815
"1f396b4c-b5b1-4498-aecf-98c16d5c3eea",6007,"Network activity","domain","157.230.104.79","UNC1151, SunSeed",1,1646443104,"","","","","","Ukraine Crisis Recorded Future IOC Feed","UKRAINE-CRISIS","UKRAINE-CRISIS",3,"High",1,"2022-03-05","collection:ioc-source=""recordedfuture"",tlp:white,false-positive:risk=""medium"",collection:type=""automatic"",collection:global-event=""ukraine-crisis""",1646443815
"8621faf0-7355-4379-97e5-ea2281440b34",6007,"Network activity","domain","23.29.115.180","Russia Nation State Sponsored (APT29 The Dukes, Turla Group, APT28, Sandworm Team)",1,1646443104,"","","","","","Ukraine Crisis Recorded Future IOC Feed","UKRAINE-CRISIS","UKRAINE-CRISIS",3,"High",1,"2022-03-05","collection:ioc-source=""recordedfuture"",tlp:white,false-positive:risk=""medium"",collection:type=""automatic"",collection:global-event=""ukraine-crisis""",1646443815
"2e0afb03-abb9-4a9c-9af8-9ad2688f5cb6",6007,"Network activity","domain","185.244.180.13","UNC1151",1,1646443104,"","","","","","Ukraine Crisis Recorded Future IOC Feed","UKRAINE-CRISIS","UKRAINE-CRISIS",3,"High",1,"2022-03-05","collection:ioc-source=""recordedfuture"",tlp:white,false-positive:risk=""medium"",collection:type=""automatic"",collection:global-event=""ukraine-crisis""",1646443815
"25c892c9-4220-4046-81a8-0d671fde4bb6",6007,"Network activity","domain","84.32.188.96","UNC1151, SunSeed",1,1646443105,"","","","","","Ukraine Crisis Recorded Future IOC Feed","UKRAINE-CRISIS","UKRAINE-CRISIS",3,"High",1,"2022-03-05","collection:ioc-source=""recordedfuture"",tlp:white,false-positive:risk=""medium"",collection:type=""automatic"",collection:global-event=""ukraine-crisis""",1646443815
"4bda4376-4bbe-4496-a206-e2fc0d680483",6007,"Network activity","domain","188.34.185.85","Russia Nation State Sponsored (APT29 The Dukes, Turla Group, APT28, Sandworm Team)",1,1646443105,"","","","","","Ukraine Crisis Recorded Future IOC Feed","UKRAINE-CRISIS","UKRAINE-CRISIS",3,"High",1,"2022-03-05","collection:ioc-source=""recordedfuture"",tlp:white,false-positive:risk=""medium"",collection:type=""automatic"",collection:global-event=""ukraine-crisis""",1646443815
"aced09d0-0fc9-46bc-9f4a-d4bca5f3e9b7",6007,"Network activity","domain","185.244.41.109","Lorec53",1,1646443105,"","","","","","Ukraine Crisis Recorded Future IOC Feed","UKRAINE-CRISIS","UKRAINE-CRISIS",3,"High",1,"2022-03-05","collection:ioc-source=""recordedfuture"",tlp:white,false-positive:risk=""medium"",collection:type=""automatic"",collection:global-event=""ukraine-crisis""",1646443815
"d11a3ab9-e005-404a-85e6-3e61a2bbc3ee",6007,"Payload delivery","md5","3f22c0aeb1eec4350868368ea1cc798c","Russia Nation State Sponsored (APT29 The Dukes, Turla Group, APT28, Sandworm Team)",1,1646443106,"","","","","","Ukraine Crisis Recorded Future IOC Feed","UKRAINE-CRISIS","UKRAINE-CRISIS",3,"High",1,"2022-03-05","collection:ioc-source=""recordedfuture"",tlp:white,false-positive:risk=""medium"",collection:type=""automatic"",collection:global-event=""ukraine-crisis""",1646443815
"dc0445a2-cc26-417a-8720-07ed23ef0672",6007,"Payload delivery","md5","bbb76de7654337fb6c2e851d106cebc7","Russia Nation State Sponsored (APT29 The Dukes, Turla Group, APT28, Sandworm Team)",1,1646443106,"","","","","","Ukraine Crisis Recorded Future IOC Feed","UKRAINE-CRISIS","UKRAINE-CRISIS",3,"High",1,"2022-03-05","collection:ioc-source=""recordedfuture"",tlp:white,false-positive:risk=""medium"",collection:type=""automatic"",collection:global-event=""ukraine-crisis""",1646443815
"ac75bdaf-839c-4b06-baf4-9feec100cb86",6007,"Payload delivery","sha256","96b77284744f8761c4f2558388e0aee2140618b484ff53fa8b222b340d2a9c84","HermeticWiper",1,1646443106,"","","","","","Ukraine Crisis Recorded Future IOC Feed","UKRAINE-CRISIS","UKRAINE-CRISIS",3,"High",1,"2022-03-05","collection:ioc-source=""recordedfuture"",tlp:white,false-positive:risk=""medium"",collection:type=""automatic"",collection:global-event=""ukraine-crisis""",1646443815
"ad3da6b8-392b-4651-aa2c-32ff9adab2b0",6007,"Payload delivery","sha256","9ef7dbd3da51332a78eff19146d21c82957821e464e8133e9594a07d716d892d","WhisperGate, DEV-0586",1,1646443107,"","","","","","Ukraine Crisis Recorded Future IOC Feed","UKRAINE-CRISIS","UKRAINE-CRISIS",3,"High",1,"2022-03-05","collection:ioc-source=""recordedfuture"",tlp:white,false-positive:risk=""medium"",collection:type=""automatic"",collection:global-event=""ukraine-crisis""",1646443815
"b66c8a0b-17de-4325-b12e-ffad7ac17cf6",6007,"Payload delivery","sha256","ff17ccd8c96059461710711fcc8372cfea5f0f9eb566ceb6ab709ea871190dc6","Russia Nation State Sponsored (APT29 The Dukes, Turla Group, APT28, Sandworm Team)",1,1646443107,"","","","","","Ukraine Crisis Recorded Future IOC Feed","UKRAINE-CRISIS","UKRAINE-CRISIS",3,"High",1,"2022-03-05","collection:ioc-source=""recordedfuture"",tlp:white,false-positive:risk=""medium"",collection:type=""automatic"",collection:global-event=""ukraine-crisis""",1646443815
"c9291631-57a1-4afc-8e7d-d00bb8cb12c7",6007,"Payload delivery","sha256","320d091b3f8de8688ce3b45cdda64a451ea6c22da1fcea60fe31101eb6f0f6c2","Lorec53",1,1646443107,"","","","","","Ukraine Crisis Recorded Future IOC Feed","UKRAINE-CRISIS","UKRAINE-CRISIS",3,"High",1,"2022-03-05","collection:ioc-source=""recordedfuture"",tlp:white,false-positive:risk=""medium"",collection:type=""automatic"",collection:global-event=""ukraine-crisis""",1646443815
"3440a505-243a-422e-9d12-9cae7c40b358",6007,"Payload delivery","sha256","1326932d63485e299ba8e03bfcd23057f7897c3ae0d26ed1235c4fb108adb105","Russia Nation State Sponsored (APT29 The Dukes, Turla Group, APT28, Sandworm Team)",1,1646443108,"","","","","","Ukraine Crisis Recorded Future IOC Feed","UKRAINE-CRISIS","UKRAINE-CRISIS",3,"High",1,"2022-03-05","collection:ioc-source=""recordedfuture"",tlp:white,false-positive:risk=""medium"",collection:type=""automatic"",collection:global-event=""ukraine-crisis""",1646443815
"84c62668-de4a-40af-ab8f-dc0fd9c4c647",6007,"Payload delivery","sha256","dcbbae5a1c61dbbbb7dcd6dc5dd1eb1169f5329958d38b58c3fd9384081c9b78","WhisperGate, DEV-0586",1,1646443108,"","","","","","Ukraine Crisis Recorded Future IOC Feed","UKRAINE-CRISIS","UKRAINE-CRISIS",3,"High",1,"2022-03-05","collection:ioc-source=""recordedfuture"",tlp:white,false-positive:risk=""medium"",collection:type=""automatic"",collection:global-event=""ukraine-crisis""",1646443815
"d92f6c9a-f521-4149-8177-cb45c7aac430",6007,"Payload delivery","sha256","1ee602e9b6e4e58dfff0fb8606a41336723169f8d6b4b1b433372bf6573baf40","Russia Nation State Sponsored (APT29 The Dukes, Turla Group, APT28, Sandworm Team)",1,1646443108,"","","","","","Ukraine Crisis Recorded Future IOC Feed","UKRAINE-CRISIS","UKRAINE-CRISIS",3,"High",1,"2022-03-05","collection:ioc-source=""recordedfuture"",tlp:white,false-positive:risk=""medium"",collection:type=""automatic"",collection:global-event=""ukraine-crisis""",1646443815
"821261ec-2c2c-4750-ba45-f14dd34b34d7",6007,"Payload delivery","sha256","0385eeab00e946a302b24a91dea4187c1210597b8e17cd9e2230450f5ece21da","HermeticWiper, Ransomware, PartyTicket",1,1646443108,"","","","","","Ukraine Crisis Recorded Future IOC Feed","UKRAINE-CRISIS","UKRAINE-CRISIS",3,"High",1,"2022-03-05","collection:ioc-source=""recordedfuture"",tlp:white,false-positive:risk=""medium"",collection:type=""automatic"",collection:global-event=""ukraine-crisis""",1646443815
"230d1e5e-b35f-4870-9e07-eb3217afc978",6007,"Payload delivery","sha256","7ee8cfde9e4c718af6783ddd8341d63c4919851ba6418b599b2f3c2ac8d70a32","Lorec53",1,1646443109,"","","","","","Ukraine Crisis Recorded Future IOC Feed","UKRAINE-CRISIS","UKRAINE-CRISIS",3,"High",1,"2022-03-05","collection:ioc-source=""recordedfuture"",tlp:white,false-positive:risk=""medium"",collection:type=""automatic"",collection:global-event=""ukraine-crisis""",1646443815
"b5d2e8c3-6cfb-420c-a38a-310f527e6304",6007,"Payload delivery","sha256","7e1355e51eb9c38e006368de1ae80b268ffab6918237696474f50802e3d8a9c8","Lorec53",1,1646443109,"","","","","","Ukraine Crisis Recorded Future IOC Feed","UKRAINE-CRISIS","UKRAINE-CRISIS",3,"High",1,"2022-03-05","collection:ioc-source=""recordedfuture"",tlp:white,false-positive:risk=""medium"",collection:type=""automatic"",collection:global-event=""ukraine-crisis""",1646443815
"21cc8bb5-b869-4830-bbef-d25a41232000",6007,"Payload delivery","sha1","ac5b6f16fc5115f0e2327a589246ba00b41439c2","HermeticWiper, Ransomware, PartyTicket",1,1646443109,"","","","","","Ukraine Crisis Recorded Future IOC Feed","UKRAINE-CRISIS","UKRAINE-CRISIS",3,"High",1,"2022-03-05","collection:ioc-source=""recordedfuture"",tlp:white,false-positive:risk=""medium"",collection:type=""automatic"",collection:global-event=""ukraine-crisis""",1646443815
"62a29644-64a5-4991-9e98-8794a89e5835",6007,"Payload delivery","sha256","5fd4e486bd7e12454f67ba8fcdaa9afc88b4d1c29705b0cffc9d32000700d314","Lorec53",1,1646443110,"","","","","","Ukraine Crisis Recorded Future IOC Feed","UKRAINE-CRISIS","UKRAINE-CRISIS",3,"High",1,"2022-03-05","collection:ioc-source=""recordedfuture"",tlp:white,false-positive:risk=""medium"",collection:type=""automatic"",collection:global-event=""ukraine-crisis""",1646443815
"b1816ad5-f535-4cdd-9aab-80cb09960873",6007,"Payload delivery","sha1","912342f1c840a42f6b74132f8a7c4ffe7d40fb77","HermeticWiper, Ransomware, PartyTicket",1,1646443110,"","","","","","Ukraine Crisis Recorded Future IOC Feed","UKRAINE-CRISIS","UKRAINE-CRISIS",3,"High",1,"2022-03-05","collection:ioc-source=""recordedfuture"",tlp:white,false-positive:risk=""medium"",collection:type=""automatic"",collection:global-event=""ukraine-crisis""",1646443815
"82486ed5-81e8-4c42-8aa0-854cacb59757",6007,"Payload delivery","sha256","1d776e7fb062e153d3a62e1ebe1f2eec30ea13fa4b1b8749935f1856be4182d9","WhisperGate, DEV-0586",1,1646443110,"","","","","","Ukraine Crisis Recorded Future IOC Feed","UKRAINE-CRISIS","UKRAINE-CRISIS",3,"High",1,"2022-03-05","collection:ioc-source=""recordedfuture"",tlp:white,false-positive:risk=""medium"",collection:type=""automatic"",collection:global-event=""ukraine-crisis""",1646443815
"81601531-87e7-4909-b1b8-639f7746c4c0",6007,"Payload delivery","sha256","694fb9d8ffeddf9988e6ae8946a50ee195ebb3021b0d0b0370f5246a497c4353","Russia Nation State Sponsored (APT29 The Dukes, Turla Group, APT28, Sandworm Team)",1,1646443111,"","","","","","Ukraine Crisis Recorded Future IOC Feed","UKRAINE-CRISIS","UKRAINE-CRISIS",3,"High",1,"2022-03-05","collection:ioc-source=""recordedfuture"",tlp:white,false-positive:risk=""medium"",collection:type=""automatic"",collection:global-event=""ukraine-crisis""",1646443815
"85394219-80f1-4999-a420-2fd995439f36",6007,"Payload delivery","sha256","4dc13bb83a16d4ff9865a51b3e4d24112327c526c1392e14d56f20d6f4eaf382","HermeticWiper, Ransomware, PartyTicket",1,1646443111,"","","","","","Ukraine Crisis Recorded Future IOC Feed","UKRAINE-CRISIS","UKRAINE-CRISIS",3,"High",1,"2022-03-05","collection:ioc-source=""recordedfuture"",tlp:white,false-positive:risk=""medium"",collection:type=""automatic"",collection:global-event=""ukraine-crisis""",1646443815
"a942dacc-8114-48c1-b2de-4a42845d37d5",6007,"Payload delivery","sha256","29decd1e88b297aa67fef6e14e39889cfd2454c581b9371a1003b63a28324d0f","Lorec53",1,1646443111,"","","","","","Ukraine Crisis Recorded Future IOC Feed","UKRAINE-CRISIS","UKRAINE-CRISIS",3,"High",1,"2022-03-05","collection:ioc-source=""recordedfuture"",tlp:white,false-positive:risk=""medium"",collection:type=""automatic"",collection:global-event=""ukraine-crisis""",1646443815
"d056acbb-f076-42ec-8641-89a2f5cb4855",6007,"Payload delivery","sha1","7d61c0dd0cd901221a9dff9df09bb90810754f10","Russia Nation State Sponsored (APT29 The Dukes, Turla Group, APT28, Sandworm Team)",1,1646443112,"","","","","","Ukraine Crisis Recorded Future IOC Feed","UKRAINE-CRISIS","UKRAINE-CRISIS",3,"High",1,"2022-03-05","collection:ioc-source=""recordedfuture"",tlp:white,false-positive:risk=""medium"",collection:type=""automatic"",collection:global-event=""ukraine-crisis""",1646443815
"3674d4ac-b0a0-499e-8102-5d10193b3d31",6007,"Payload delivery","sha256","34ca75a8c190f20b8a7596afeb255f2228cb2467bd210b2637965b61ac7ea907","HermeticWiper, WhisperGate, DEV-0586",1,1646443112,"","","","","","Ukraine Crisis Recorded Future IOC Feed","UKRAINE-CRISIS","UKRAINE-CRISIS",3,"High",1,"2022-03-05","collection:ioc-source=""recordedfuture"",tlp:white,false-positive:risk=""medium"",collection:type=""automatic"",collection:global-event=""ukraine-crisis""",1646443815
"437d948b-12b2-49f4-9dd7-6ceeafa98027",6007,"Payload delivery","sha256","4e69bbb61329ace36fbe62f9fb6ca49c37e2e5a5293545c44d155641934e39d1","Russia Nation State Sponsored (APT29 The Dukes, Turla Group, APT28, Sandworm Team)",1,1646443112,"","","","","","Ukraine Crisis Recorded Future IOC Feed","UKRAINE-CRISIS","UKRAINE-CRISIS",3,"High",1,"2022-03-05","collection:ioc-source=""recordedfuture"",tlp:white,false-positive:risk=""medium"",collection:type=""automatic"",collection:global-event=""ukraine-crisis""",1646443815
"99b0f2a1-4a62-4eef-af66-54b6b73ba337",6007,"Payload delivery","sha1","e9b96e9b86fad28d950ca428879168e0894d854f","HermeticWiper, Ransomware, PartyTicket",1,1646443113,"","","","","","Ukraine Crisis Recorded Future IOC Feed","UKRAINE-CRISIS","UKRAINE-CRISIS",3,"High",1,"2022-03-05","collection:ioc-source=""recordedfuture"",tlp:white,false-positive:risk=""medium"",collection:type=""automatic"",collection:global-event=""ukraine-crisis""",1646443815
"726ec83d-fad9-4c5d-81af-15ce9826f96f",6007,"Payload delivery","sha1","ad602039c6f0237d4a997d5640e92ce5e2b3bba3","HermeticWiper, Ransomware, PartyTicket",1,1646443113,"","","","","","Ukraine Crisis Recorded Future IOC Feed","UKRAINE-CRISIS","UKRAINE-CRISIS",3,"High",1,"2022-03-05","collection:ioc-source=""recordedfuture"",tlp:white,false-positive:risk=""medium"",collection:type=""automatic"",collection:global-event=""ukraine-crisis""",1646443815
"6d7350a5-e74e-438e-bf62-66090ecbe8c1",6007,"Payload delivery","sha256","c082a9117294fa4880d75a2625cf80f63c8bb159b54a7151553969541ac35862","Russia Nation State Sponsored (APT29 The Dukes, Turla Group, APT28, Sandworm Team)",1,1646443113,"","","","","","Ukraine Crisis Recorded Future IOC Feed","UKRAINE-CRISIS","UKRAINE-CRISIS",3,"High",1,"2022-03-05","collection:ioc-source=""recordedfuture"",tlp:white,false-positive:risk=""medium"",collection:type=""automatic"",collection:global-event=""ukraine-crisis""",1646443815
"fbd8600d-010d-4c11-98db-727a968d90f1",6007,"Payload delivery","sha1","736a4cfad1ed83a6a0b75b0474d5e01a3a36f950","HermeticWiper, Ransomware, PartyTicket",1,1646443113,"","","","","","Ukraine Crisis Recorded Future IOC Feed","UKRAINE-CRISIS","UKRAINE-CRISIS",3,"High",1,"2022-03-05","collection:ioc-source=""recordedfuture"",tlp:white,false-positive:risk=""medium"",collection:type=""automatic"",collection:global-event=""ukraine-crisis""",1646443815
"77607a48-0bef-432d-b6ef-dd8075af98ba",6007,"Payload delivery","sha256","b50fb20396458aec55216cc9f5212162b3459bc769a38e050d4d8c22649888ae","WhisperGate, DEV-0586",1,1646443114,"","","","","","Ukraine Crisis Recorded Future IOC Feed","UKRAINE-CRISIS","UKRAINE-CRISIS",3,"High",1,"2022-03-05","collection:ioc-source=""recordedfuture"",tlp:white,false-positive:risk=""medium"",collection:type=""automatic"",collection:global-event=""ukraine-crisis""",1646443815
"ae095f87-8c12-45d9-8e12-9c0ecd31c8b2",6007,"Payload delivery","sha256","d0aad99f10bdd6f6af2f7a0f6c319ed7d126de4d1ff44ca86858e7ffc17cc39b","Lorec53",1,1646443114,"","","","","","Ukraine Crisis Recorded Future IOC Feed","UKRAINE-CRISIS","UKRAINE-CRISIS",3,"High",1,"2022-03-05","collection:ioc-source=""recordedfuture"",tlp:white,false-positive:risk=""medium"",collection:type=""automatic"",collection:global-event=""ukraine-crisis""",1646443815
"0edcb7bc-fed0-4e67-9388-e5b632d1bbfe",6007,"Payload delivery","sha256","a196c6b8ffcb97ffb276d04f354696e2391311db3841ae16c8c9f56f36a38e92","HermeticWiper, WhisperGate, DEV-0586",1,1646443114,"","","","","","Ukraine Crisis Recorded Future IOC Feed","UKRAINE-CRISIS","UKRAINE-CRISIS",3,"High",1,"2022-03-05","collection:ioc-source=""recordedfuture"",tlp:white,false-positive:risk=""medium"",collection:type=""automatic"",collection:global-event=""ukraine-crisis""",1646443815
"e3d513b4-01e4-4bc9-921a-64799db8c5a5",6007,"Payload delivery","md5","d01e2c2e8df92edeb8298c55211bc4b6","Russia Nation State Sponsored (APT29 The Dukes, Turla Group, APT28, Sandworm Team)",1,1646443115,"","","","","","Ukraine Crisis Recorded Future IOC Feed","UKRAINE-CRISIS","UKRAINE-CRISIS",3,"High",1,"2022-03-05","collection:ioc-source=""recordedfuture"",tlp:white,false-positive:risk=""medium"",collection:type=""automatic"",collection:global-event=""ukraine-crisis""",1646443815
"4091b107-2271-48dd-ab76-e16685c0e67e",6007,"Payload delivery","sha1","3c54c9a49a8ddca02189fe15fea52fe24f41a86f","HermeticWiper, Ransomware, PartyTicket",1,1646443115,"","","","","","Ukraine Crisis Recorded Future IOC Feed","UKRAINE-CRISIS","UKRAINE-CRISIS",3,"High",1,"2022-03-05","collection:ioc-source=""recordedfuture"",tlp:white,false-positive:risk=""medium"",collection:type=""automatic"",collection:global-event=""ukraine-crisis""",1646443815
"d471ddcb-8a92-4c42-bea8-51728feee82e",6007,"Payload delivery","sha256","9fbeb629ea0dc72ac8db680855984d51b28c1195e48abff2e68b0228f49d5b0f","Lorec53",1,1646443115,"","","","","","Ukraine Crisis Recorded Future IOC Feed","UKRAINE-CRISIS","UKRAINE-CRISIS",3,"High",1,"2022-03-05","collection:ioc-source=""recordedfuture"",tlp:white,false-positive:risk=""medium"",collection:type=""automatic"",collection:global-event=""ukraine-crisis""",1646443815
"26653172-a0e8-4650-8cfb-62af7925b632",6007,"Payload delivery","sha256","50df5734dd0c6c5983c21278f119527f9fdf6ef1d7e808a29754ebc5253e9a86","Russia Nation State Sponsored (APT29 The Dukes, Turla Group, APT28, Sandworm Team)",1,1646443116,"","","","","","Ukraine Crisis Recorded Future IOC Feed","UKRAINE-CRISIS","UKRAINE-CRISIS",3,"High",1,"2022-03-05","collection:ioc-source=""recordedfuture"",tlp:white,false-positive:risk=""medium"",collection:type=""automatic"",collection:global-event=""ukraine-crisis""",1646443815
"d8963daf-4b71-4f54-a659-bbdb60d3b52e",6007,"Payload delivery","sha1","3adf9a59743bc5d8399f67cab5eb2daf28b9b863","Russia Nation State Sponsored (APT29 The Dukes, Turla Group, APT28, Sandworm Team)",1,1646443116,"","","","","","Ukraine Crisis Recorded Future IOC Feed","UKRAINE-CRISIS","UKRAINE-CRISIS",3,"High",1,"2022-03-05","collection:ioc-source=""recordedfuture"",tlp:white,false-positive:risk=""medium"",collection:type=""automatic"",collection:global-event=""ukraine-crisis""",1646443815
"a1eb2a8d-07eb-452f-9167-f0fd2b5fd5bc",6007,"Payload delivery","sha256","a8fd0a5de66fa39056c0ddf2ec74ccd38b2ede147afa602aba00a3f0b55a88e0","UNC1151, SunSeed",1,1646443116,"","","","","","Ukraine Crisis Recorded Future IOC Feed","UKRAINE-CRISIS","UKRAINE-CRISIS",3,"High",1,"2022-03-05","collection:ioc-source=""recordedfuture"",tlp:white,false-positive:risk=""medium"",collection:type=""automatic"",collection:global-event=""ukraine-crisis""",1646443815
"ab3de327-9cc7-4ddb-98d7-adcadf65764d",6007,"Payload delivery","sha256","a2d60af7bebac9b299db109f8162ed6335fb5dda08f57f00e9dc809d4f138428","HermeticWiper",1,1646443117,"","","","","","Ukraine Crisis Recorded Future IOC Feed","UKRAINE-CRISIS","UKRAINE-CRISIS",3,"High",1,"2022-03-05","collection:ioc-source=""recordedfuture"",tlp:white,false-positive:risk=""medium"",collection:type=""automatic"",collection:global-event=""ukraine-crisis""",1646443815
"677964b8-197d-4759-90a1-21190166700c",6007,"Payload delivery","sha1","c59bc17659daca1b1ce65b6af077f86a648ad8a8","Russia Nation State Sponsored (APT29 The Dukes, Turla Group, APT28, Sandworm Team)",1,1646443117,"","","","","","Ukraine Crisis Recorded Future IOC Feed","UKRAINE-CRISIS","UKRAINE-CRISIS",3,"High",1,"2022-03-05","collection:ioc-source=""recordedfuture"",tlp:white,false-positive:risk=""medium"",collection:type=""automatic"",collection:global-event=""ukraine-crisis""",1646443815
"b0606f06-2ac6-4066-9cc5-470275f2683f",6007,"Payload delivery","sha1","6b5958bfabfe7c731193adb96880b225c8505b73","HermeticWiper, Ransomware, PartyTicket",1,1646443117,"","","","","","Ukraine Crisis Recorded Future IOC Feed","UKRAINE-CRISIS","UKRAINE-CRISIS",3,"High",1,"2022-03-05","collection:ioc-source=""recordedfuture"",tlp:white,false-positive:risk=""medium"",collection:type=""automatic"",collection:global-event=""ukraine-crisis""",1646443815
"b89ccc35-648a-4387-88ba-13014d1a1e8a",6007,"Payload delivery","sha256","1bc44eef75779e3ca1eefb8ff5a64807dbc942b1e4a2672d77b9f6928d292591","HermeticWiper, Ransomware, PartyTicket",1,1646443117,"","","","","","Ukraine Crisis Recorded Future IOC Feed","UKRAINE-CRISIS","UKRAINE-CRISIS",3,"High",1,"2022-03-05","collection:ioc-source=""recordedfuture"",tlp:white,false-positive:risk=""medium"",collection:type=""automatic"",collection:global-event=""ukraine-crisis""",1646443815
"b8d3c371-3e2f-45ba-a96d-d695e25decbb",6007,"Payload delivery","sha256","506c90747976c4cc3296a4a8b85f388ab97b6c1cfae11096f95977641b8f8b6f","Lorec53",1,1646443118,"","","","","","Ukraine Crisis Recorded Future IOC Feed","UKRAINE-CRISIS","UKRAINE-CRISIS",3,"High",1,"2022-03-05","collection:ioc-source=""recordedfuture"",tlp:white,false-positive:risk=""medium"",collection:type=""automatic"",collection:global-event=""ukraine-crisis""",1646443815
"f46c3b86-6ee9-4d26-be6f-27155d500ff6",6007,"Payload delivery","sha256","2a3b660e19b56dad92ba45dd164d300e9bd9c3b17736004878f45ee23a0177ac","Russia Nation State Sponsored (APT29 The Dukes, Turla Group, APT28, Sandworm Team)",1,1646443118,"","","","","","Ukraine Crisis Recorded Future IOC Feed","UKRAINE-CRISIS","UKRAINE-CRISIS",3,"High",1,"2022-03-05","collection:ioc-source=""recordedfuture"",tlp:white,false-positive:risk=""medium"",collection:type=""automatic"",collection:global-event=""ukraine-crisis""",1646443815
"67c7fd71-5ad0-4389-9a21-b4eefe68c113",6007,"Payload delivery","sha256","a64c3e0522fad787b95bfb6a30c3aed1b5786e69e88e023c062ec7e5cebf4d3e","HermeticWiper, Ransomware, PartyTicket",1,1646443118,"","","","","","Ukraine Crisis Recorded Future IOC Feed","UKRAINE-CRISIS","UKRAINE-CRISIS",3,"High",1,"2022-03-05","collection:ioc-source=""recordedfuture"",tlp:white,false-positive:risk=""medium"",collection:type=""automatic"",collection:global-event=""ukraine-crisis""",1646443815
"1b43e520-9ca8-4cba-8319-2790c7410089",6007,"Payload delivery","sha256","f229a8eb6f5285a1762677c38175c71dead77768f6f5a6ebc320679068293231","Russia Nation State Sponsored (APT29 The Dukes, Turla Group, APT28, Sandworm Team)",1,1646443119,"","","","","","Ukraine Crisis Recorded Future IOC Feed","UKRAINE-CRISIS","UKRAINE-CRISIS",3,"High",1,"2022-03-05","collection:ioc-source=""recordedfuture"",tlp:white,false-positive:risk=""medium"",collection:type=""automatic"",collection:global-event=""ukraine-crisis""",1646443815
"31bc5a69-e47b-4fab-abb2-12fd9fc21e41",6007,"Payload delivery","sha1","438cd40caca70cafe5ca436b36ef7d3a6321e858","Russia Nation State Sponsored (APT29 The Dukes, Turla Group, APT28, Sandworm Team)",1,1646443119,"","","","","","Ukraine Crisis Recorded Future IOC Feed","UKRAINE-CRISIS","UKRAINE-CRISIS",3,"High",1,"2022-03-05","collection:ioc-source=""recordedfuture"",tlp:white,false-positive:risk=""medium"",collection:type=""automatic"",collection:global-event=""ukraine-crisis""",1646443815
"7166d398-e0f7-4d00-a6f1-3576fcda8730",6007,"Payload delivery","md5","3c9d46dc4e664e20f1a7256e14a33766","Russia Nation State Sponsored (APT29 The Dukes, Turla Group, APT28, Sandworm Team)",1,1646443119,"","","","","","Ukraine Crisis Recorded Future IOC Feed","UKRAINE-CRISIS","UKRAINE-CRISIS",3,"High",1,"2022-03-05","collection:ioc-source=""recordedfuture"",tlp:white,false-positive:risk=""medium"",collection:type=""automatic"",collection:global-event=""ukraine-crisis""",1646443815

